,Compound,Date,Negative,Neutral,Positive,Tweets Ago,User,text
0,-0.6369,Wed May 18 13:45:19 +0000 2016,0.819,0.181,0.0,1,,
1,0.3612,Sun Jan 07 19:00:05 +0000 2018,0.898,0.0,0.102,2,@BBC,"You can learn what an animal sounds like from what it evolved to hear. 

And it turns out, T rex sounded nothing li… https://t.co/BuXuJ3majp"
2,0.0,Sun Jan 07 18:32:03 +0000 2018,1.0,0.0,0.0,2,@BBC,"Tonight, David Attenborough attempts to animate the life of a 200-million-year-old ichthyosaur. ? 

Attenborough an… https://t.co/xWsAFgCQu8"
3,0.6369,Sun Jan 07 17:59:05 +0000 2018,0.682,0.0,0.318,2,@BBC,Budget Italian feasts the whole family will love. ? https://t.co/MtSlOvp6m6 https://t.co/8fCY2ToBM6
4,0.4215,Sun Jan 07 17:19:01 +0000 2018,0.797,0.0,0.203,2,@BBC,"What's the true scale of the global trade in humans? 
#McMafia https://t.co/3X7YDsabMv"
5,0.128,Sun Jan 07 16:53:27 +0000 2018,0.359,0.308,0.333,2,@BBC,"The best, worst and weirdest #FACup fan fashion. ??? https://t.co/hDEBwew84U https://t.co/1DMfVbC8oJ"
6,-0.0258,Sun Jan 07 16:34:03 +0000 2018,0.695,0.155,0.15,2,@BBC,RT @BBC_designed: Eastern Block design is back and it’s inspiring a whole new fashion movement. ? https://t.co/xS6vJ68vX8
7,0.5859,Sun Jan 07 16:31:59 +0000 2018,0.612,0.0,0.388,2,@BBC,RT @BBCWorld: A beauty contest with a difference ? https://t.co/ardDeFBwO5
8,0.6369,Sun Jan 07 16:31:55 +0000 2018,0.769,0.0,0.231,2,@BBC,RT @bbcthree: Becoming a single mum was the best thing that happened to me  https://t.co/64ZeqQRwE0 https://t.co/bJROBhtERz
9,0.0,Sun Jan 07 16:31:45 +0000 2018,1.0,0.0,0.0,2,@BBC,RT @BBCScotland: 'Official sightings' of Nessie in 2017 were the highest this century ? https://t.co/eToUiRbB0Z
10,0.4019,Sun Jan 07 16:31:39 +0000 2018,0.828,0.0,0.172,2,@BBC,RT @bbccomedy: When your wife is definitely not your wife... ?? #WouldILieToYou @joelycett https://t.co/Rr268sR8p6
11,0.0,Sun Jan 07 16:30:09 +0000 2018,1.0,0.0,0.0,2,@BBC,"The Ricky &amp; Graham Show, anyone?

#TheGNShow https://t.co/BvFk05j0Zq"
12,0.0,Sun Jan 07 16:27:07 +0000 2018,1.0,0.0,0.0,2,@BBC,"RT @bbcmusic: You might recognise some of the names who voted in the #SoundOf2018 poll..

Hiya @stormzy1, @elliegoulding and @alexander_oll…"
13,0.0,Sun Jan 07 16:25:04 +0000 2018,1.0,0.0,0.0,2,@BBC,RT @BBCTwo: Here's why doves will not be appearing at the Tokyo 2020 Olympics. ?? #QI https://t.co/Fm1FX4WzTQ
14,0.0,Sun Jan 07 16:19:01 +0000 2018,1.0,0.0,0.0,2,@BBC,"RT @BBCOne: ? INCOMING. 
#McMafia continues tonight at 9pm, @BBCOne. Don’t be late. https://t.co/z1JBKX7RAl"
15,-0.0772,Sun Jan 07 16:18:25 +0000 2018,0.925,0.075,0.0,2,@BBC,RT @bbcworldservice: Could one of the toughest cycling races bring unity to Colombia? More here: https://t.co/mFL1O9spkM https://t.co/jnwDG…
16,0.4019,Sun Jan 07 16:00:07 +0000 2018,0.856,0.0,0.144,2,@BBC,"Burnt out? Here are 8 locations to help you get way, way away from it all. ? https://t.co/qINvxQrMPA https://t.co/CsANInn8PN"
17,-0.3182,Sun Jan 07 15:30:05 +0000 2018,0.758,0.152,0.09,2,@BBC,"Are you prepared for the collapse of society? ?
Here’s the knowledge you’d need to reboot civilisation. ?… https://t.co/RQTUOyeMQC"
18,0.0,Sun Jan 07 15:01:01 +0000 2018,1.0,0.0,0.0,2,@BBC,"Take a peek #InsideTheFactory to see how a fish finger is made. ???
https://t.co/FejNIi4sHz"
19,0.6597,Sun Jan 07 14:30:02 +0000 2018,0.769,0.0,0.231,2,@BBC,This fisherman in Cornwall is helping to save cetaceans by using modern technology to aid his fishing practices. ?? https://t.co/rLNKLQxfWf
20,0.0,Sun Jan 07 14:00:04 +0000 2018,1.0,0.0,0.0,2,@BBC,"The year is 2018.
Music is changing fast, but can the humans keep up?
Here's a handful of possible outcomes. ?… https://t.co/pqYeLWwHNz"
21,0.6369,Sun Jan 07 13:33:06 +0000 2018,0.781,0.0,0.219,2,@BBC,Take a look at some of the best photographs of the UK from last year. ? https://t.co/why5ck9xKk https://t.co/XJfduxho1z
22,-0.1531,Sun Jan 07 13:10:30 +0000 2018,0.89,0.11,0.0,2,@BBC,"RT @BBCRadio4: ‘I exaggerate for comic effect’ 
@charltonbrooker on his on-screen persona. 
#desertislanddiscs 
https://t.co/tdfpZEd4cj"
23,0.5267,Sun Jan 07 13:00:04 +0000 2018,0.841,0.0,0.159,2,@BBC,"Is this the new age of the train? 

? @BBC_Culture explores the brave new world of futuristic rail travel.… https://t.co/x6UBsXe6Eq"
24,-0.5423,Sun Jan 07 12:33:59 +0000 2018,0.763,0.189,0.048,2,@BBC,"RT @BBCOne: A mysterious figure reaches out to Alex, who is finding it increasingly difficult to say no. #McMafia. Tonight, 9pm. @BBCOne. h…"
25,-0.5204,Sun Jan 07 12:30:05 +0000 2018,0.708,0.227,0.065,2,@BBC,"If you have anxiety, you’re not alone. Over 8m people in the UK have an anxiety disorder of some sort. 
Here's some… https://t.co/rg917TPUKP"
26,-0.4588,Sun Jan 07 11:36:25 +0000 2018,0.727,0.273,0.0,2,@BBC,RT @BBCScotland: The abandoned island reclaimed by seabirds ? https://t.co/YRAVnFn8xA
27,0.0,Sun Jan 07 11:35:58 +0000 2018,1.0,0.0,0.0,2,@BBC,RT @bbcthree: Don't be this guy. https://t.co/8T8QJrBOjY
28,0.0,Sun Jan 07 11:33:57 +0000 2018,1.0,0.0,0.0,2,@BBC,"RT @bbcgetinspired: ? SPLASH!

When you're learning to paddleboard there's only one way it's going to end... ? #GetInspired https://t.co/Zl…"
29,0.4588,Sun Jan 07 11:33:02 +0000 2018,0.75,0.0,0.25,2,@BBC,RT @BBCRadio4: 15 podcasts guaranteed to make you smarter. https://t.co/BRm87q7mus
30,0.0,Sun Jan 07 11:29:58 +0000 2018,1.0,0.0,0.0,2,@BBC,"RT @BBCiPlayer: ?? ""The complete #HardSun dossier WILL BE RELEASED."" https://t.co/7AEUPT9M0n https://t.co/tl50rimCos"
31,0.1531,Sun Jan 07 11:05:24 +0000 2018,0.897,0.0,0.103,2,@BBC,"RT @bbcthree: Here are solid comebacks for when people say ""non-binary people don't exist."" https://t.co/aQuQwutySF"
32,-0.5994,Sun Jan 07 11:01:46 +0000 2018,0.562,0.438,0.0,2,@BBC,RT @BBCWorld: Death by selfie https://t.co/nr2lwSnMGr
33,0.0,Sun Jan 07 11:00:06 +0000 2018,1.0,0.0,0.0,2,@BBC,"What's the fattest animal on earth? ???

A whale, bear, supersized walrus or something altogether unexpected?… https://t.co/ETzGPKP3Eh"
34,0.0,Sun Jan 07 10:53:54 +0000 2018,1.0,0.0,0.0,2,@BBC,RT @BBCNews: Royal Wedding: Late pub opening hours for Harry and Meghan https://t.co/7w6kcOjyxl
35,0.5719,Sun Jan 07 10:49:25 +0000 2018,0.821,0.0,0.179,2,@BBC,RT @BBCFood: Going low-cal but having cravings? Enter the easiest ever chicken traybake. ? Full recipe here - https://t.co/KXMxTDDtgx https…
36,0.0,Sun Jan 07 10:49:13 +0000 2018,1.0,0.0,0.0,2,@BBC,"RT @BBCNewsround: In for a penny, in for a pound! Check out these new coin designs from the Royal Mint https://t.co/5hfRexBLyU https://t.co…"
37,0.0,Sun Jan 07 10:00:04 +0000 2018,1.0,0.0,0.0,2,@BBC,?? Prepare to be mesmerised by the sounds of Scotland. https://t.co/d32eggwm1U
38,-0.4215,Sun Jan 07 09:32:03 +0000 2018,0.851,0.149,0.0,2,@BBC,"Women unhappy with their breast size are less likely to carry out regular self-examinations, study suggests.… https://t.co/41b81fLY8p"
39,0.0,Sun Jan 07 09:00:14 +0000 2018,1.0,0.0,0.0,2,@BBC,The people of the whale. ?? https://t.co/TH7SUcw5JJ https://t.co/8ivwbmnhms
40,-0.4588,Sun Jan 07 08:30:05 +0000 2018,0.636,0.364,0.0,2,@BBC,'I fought anxiety and started teaching happiness.' https://t.co/K2TXy36b77 https://t.co/M4xJDR4rkd
41,-0.4939,Sun Jan 07 08:00:04 +0000 2018,0.802,0.198,0.0,2,@BBC,??? When ball boys steal the limelight and hit the big time. https://t.co/Rl0vUHaZZK https://t.co/Uc02sIM0gK
42,0.0,Sat Jan 06 23:57:10 +0000 2018,1.0,0.0,0.0,2,@BBC,"RT @BBCScotland: Let this be a lesson to us all...how NOT to split the bill. 

From @MrQuippy https://t.co/wEGoJQm5Fe"
43,0.5859,Sat Jan 06 23:56:58 +0000 2018,0.743,0.0,0.257,2,@BBC,RT @bbcthree: Kids discussing hipsters is as amazing as you'd expect. https://t.co/7ZlwQbc8Bw
44,-0.4939,Sat Jan 06 23:56:09 +0000 2018,0.862,0.138,0.0,2,@BBC,"RT @BBCScotland: Heroin exploded into housing schemes around Scotland in the early 80's changing policing and society forever.

Watch the f…"
45,0.0,Sat Jan 06 23:55:08 +0000 2018,1.0,0.0,0.0,2,@BBC,"RT @BBCMOTD: ? Doo doo doo doo doo doo doo doo doo doo doo doo doo doo doo… ?

#FACup third round day always throws up some stories - today…"
46,0.0,Sat Jan 06 19:33:03 +0000 2018,1.0,0.0,0.0,2,@BBC,"DCI Hicks and DI Renko stumble on a lethal secret that will bind them together for life. 

#HardSun | 9.35pm |… https://t.co/Tl7pjslOQZ"
47,0.3612,Sat Jan 06 19:01:04 +0000 2018,0.872,0.0,0.128,2,@BBC,??? @reallorraine and @RobBeckettComic present as couples and their families come together for a wedding day like n… https://t.co/acOWVTDVKy
48,0.5859,Sat Jan 06 18:32:03 +0000 2018,0.808,0.0,0.192,2,@BBC,"Tonight, nature lover Hugh Fearnley-Whittingstall exlpores the wildlife of the West Country. ?? 

Hugh's Wild West… https://t.co/GvNEA0JNz7"
49,0.4118,Sat Jan 06 17:59:01 +0000 2018,0.828,0.0,0.172,2,@BBC,"We've made huge advances in eye care over the years, but will we ever be able to eliminate blindness? https://t.co/2IfDxktpiD"
50,0.3612,Sat Jan 06 17:30:07 +0000 2018,0.889,0.0,0.111,2,@BBC,"'You feel like you’re in outer space.’
How people in the Russian far east cope with living in -50 Celsius. ? https://t.co/YIgVe77Zey"
51,0.0,Sat Jan 06 17:00:09 +0000 2018,1.0,0.0,0.0,2,@BBC,"Who will stand the test of time and be remembered in 1,000 years? https://t.co/VpoJ0hQMlP https://t.co/ON7WonHhEC"
52,0.0,Sat Jan 06 16:45:03 +0000 2018,1.0,0.0,0.0,2,@BBC,"Todogganing ??
https://t.co/EFO7JRP77K"
53,-0.7269,Sat Jan 06 16:30:04 +0000 2018,0.681,0.319,0.0,2,@BBC,These women in Pakistan are learning Mixed Martial Arts to fight against sexual harassment. ? https://t.co/TOVvhUN3cv
54,-0.2006,Sat Jan 06 16:18:16 +0000 2018,0.637,0.225,0.137,2,@BBC,RT @bbccomedy: Accidental likes? Buffering videos? Our parents have NO IDEA what we go through... ? https://t.co/E8R4OXVHcv
55,-0.6486,Sat Jan 06 16:03:04 +0000 2018,0.531,0.338,0.13,2,@BBC,Scientists are using a common virus used to help fight incurable brain cancer. ? https://t.co/koLrDckPs4 https://t.co/yHjxJONrqi
56,0.4588,Sat Jan 06 15:33:03 +0000 2018,0.773,0.062,0.165,2,@BBC,???  Should workers be allowed 'paw-ternity leave' - paid time off to care for their pets? https://t.co/DUIlvg8MfD https://t.co/E0qGmCaicv
57,0.0,Sat Jan 06 15:21:56 +0000 2018,1.0,0.0,0.0,2,@BBC,RT @bbcworldservice: Why we can't resist puppy dog eyes. ? ? https://t.co/3tHzsHxw6O https://t.co/do6bcqnMQJ
58,-0.7901,Sat Jan 06 15:00:10 +0000 2018,0.611,0.389,0.0,2,@BBC,Battle stations people! We may be heading for a chocolate crisis. ?? https://t.co/n1Hefd02KG https://t.co/fXS6mvx088
59,0.3612,Sat Jan 06 14:00:04 +0000 2018,0.737,0.0,0.263,2,@BBC,"What a polar bear cub sounds like. ???
https://t.co/c8lWvBlo6U"
60,0.6369,Sat Jan 06 13:00:08 +0000 2018,0.721,0.0,0.279,2,@BBC,Want to help the wildlife in your backyard this winter? Here are some ideas for creating a 'winter menu’. ? https://t.co/1TG8z9n1wf
61,-0.6597,Sat Jan 06 12:00:06 +0000 2018,0.812,0.188,0.0,2,@BBC,Thousands of people have attempted to build the world's tallest Lego tower in memory of an eight-year-old cancer vi… https://t.co/mknHDReqM5
62,0.0,Sat Jan 06 11:41:46 +0000 2018,1.0,0.0,0.0,2,@BBC,"RT @bbcrb: ?? Did you know there's a whole Victorian street buried in Bristol? 
Come explore it with us! https://t.co/0juiW9gsoG"
63,0.8176,Sat Jan 06 11:41:41 +0000 2018,0.762,0.0,0.238,2,@BBC,"RT @bbcstories: ""If I inspire even just one or two young black people to take up the cello or any instrument then that's an amazing and won…"
64,0.7096,Sat Jan 06 11:41:31 +0000 2018,0.731,0.0,0.269,2,@BBC,RT @bbcthree: The teen who invented a 3D-printed hand for £225 to help those who couldn't afford them. https://t.co/ICW215RyF2
65,0.4588,Sat Jan 06 11:41:27 +0000 2018,0.85,0.0,0.15,2,@BBC,"RT @BBCOne: Welcome to the big league. 

? #BigCats, starts Thursday at 8pm on @BBCOne and @BBCiPlayer ? https://t.co/ZrUUTEMuWX https://t.…"
66,-0.3182,Sat Jan 06 11:41:23 +0000 2018,0.753,0.247,0.0,2,@BBC,RT @BBCiPlayer: ? The struggle is real. #Veganuary https://t.co/N5X9vUZNcl
67,0.0,Sat Jan 06 11:41:14 +0000 2018,1.0,0.0,0.0,2,@BBC,"RT @BBCWorld: This dog is making the most of the snow, all on her own ????

https://t.co/rlGFCrN2WL https://t.co/L3kelJvKOy"
68,-0.7088,Sat Jan 06 11:30:02 +0000 2018,0.772,0.228,0.0,2,@BBC,"'That fly has no idea of the danger it's in right now.'

When Chris O’Dowd drank a fly (by accident!) on #TheGNShow… https://t.co/pYVliUFQl6"
69,-0.1007,Sat Jan 06 11:01:03 +0000 2018,0.655,0.184,0.161,2,@BBC,Struggling to find a 2018 New Year's Resolution? This quiz could help! https://t.co/rRLGZO8pib https://t.co/WsSEDuAQX0
70,0.6124,Sat Jan 06 10:30:10 +0000 2018,0.818,0.0,0.182,2,@BBC,A 'Wolf supermoon' lit up the sky on New Year's Day - the largest and brightest moon of 2018. ??… https://t.co/rM73qLS7VV
71,0.34,Sat Jan 06 10:14:59 +0000 2018,0.776,0.082,0.142,2,@BBC,RT @bbcthree: This inspirational teacher overcame his stammer and is now showing his students how to do the same. https://t.co/8tl1rVaLf4
72,0.3612,Sat Jan 06 10:00:03 +0000 2018,0.731,0.1,0.169,2,@BBC,"Katie has around 16 seizures everyday. But that doesn’t stop her from doing what she loves. ?
#EverydayHeroes https://t.co/J7i1kN3PBY"
73,0.0,Sat Jan 06 08:59:04 +0000 2018,1.0,0.0,0.0,2,@BBC,Researchers at an Oxford hospital have developed AI that can diagnose scans for heart disease &amp; lung cancer.… https://t.co/lsKdBKkHmu
74,0.5994,Sat Jan 06 08:00:11 +0000 2018,0.794,0.0,0.206,2,@BBC,?? @BBC_Culture rounds up the beautiful architecture coming to a city near you in 2018. ? https://t.co/15UN3ziNXu https://t.co/2GI15xFS9i
75,-0.0258,Fri Jan 05 19:34:09 +0000 2018,0.751,0.127,0.122,2,@BBC,"??? From solar eclipses to the birth of a star, lose yourself in these stunning space happenings. ?… https://t.co/bEf0OAqoLv"
76,0.0,Fri Jan 05 19:00:07 +0000 2018,1.0,0.0,0.0,2,@BBC,"What can men do about baldness?

#TrustMeImaDoctor https://t.co/8Mwoz5zKo0"
77,0.0,Fri Jan 05 18:33:04 +0000 2018,1.0,0.0,0.0,2,@BBC,? ??? What's in store for sport in 2018? Here are @BBCSport's predictions. ? ?https://t.co/w1wr6qo4zz https://t.co/0hDnn8bPPo
78,0.5859,Fri Jan 05 18:04:03 +0000 2018,0.787,0.0,0.213,2,@BBC,?? Not drinking alcohol this month? Here's how to win at Dry January. ? https://t.co/bxT4at1zWW https://t.co/OQhTq0aTpn
79,0.0,Fri Jan 05 17:30:03 +0000 2018,1.0,0.0,0.0,2,@BBC,???? @TaylorSwift13's Live Lounge cover of Riptide by @Vancejoy gives us goosebumps every ? single ? time ?. https://t.co/WtMSSS1uns
80,0.0,Fri Jan 05 17:02:05 +0000 2018,1.0,0.0,0.0,2,@BBC,When you realise you've made it through the first week back at work... #FridayFeeling ? ?? https://t.co/6hMgSGIybq
81,0.0,Fri Jan 05 15:27:42 +0000 2018,1.0,0.0,0.0,2,@BBC,"RT @BBCOne: So, what exactly is #HardSun? ? We'll let the cast and creator of the new drama do the explaining. 

Starts Saturday 6th Januar…"
82,0.0,Fri Jan 05 14:33:07 +0000 2018,1.0,0.0,0.0,2,@BBC,?? An estimated 2.5 billion disposable coffee cups are thrown away every year in the UK. Here are four ways we coul… https://t.co/vbD9THa8mC
83,-0.2732,Fri Jan 05 14:23:24 +0000 2018,0.684,0.198,0.118,2,@BBC,"RT @bbcthree: In 2012, Naomi was the victim of an acid attack carried out by one of her oldest friends. https://t.co/TO8T2go4zq"
84,0.4939,Fri Jan 05 14:00:06 +0000 2018,0.824,0.0,0.176,2,@BBC,"How do you keep your New Year's resolution to save cash? ?
This way, honest... https://t.co/vtkNULVdVW https://t.co/8UciSw865E"
85,0.0,Fri Jan 05 13:33:12 +0000 2018,1.0,0.0,0.0,2,@BBC,Here's how the weather has looked around the world recently. ? ? ? https://t.co/TTYG5JmFJ1 https://t.co/qsRXK9ocgZ
86,0.0,Fri Jan 05 13:03:03 +0000 2018,1.0,0.0,0.0,2,@BBC,New scanning technique reveals secret writing on the papyrus that mummy cases are made from. https://t.co/P3wzAgObHX https://t.co/2DsrzLfTdt
87,-0.4767,Fri Jan 05 12:30:05 +0000 2018,0.744,0.256,0.0,2,@BBC,"When Zac Efron made Michael Jackson cry. ????
#TheGNShow https://t.co/GpSaONsWMG"
88,0.0,Fri Jan 05 12:02:03 +0000 2018,1.0,0.0,0.0,2,@BBC,People commonly believe they shouldn't drink on antibiotics. But the story isn't quite that simple. ??… https://t.co/3xEujlZozj
89,0.0,Fri Jan 05 11:33:04 +0000 2018,1.0,0.0,0.0,2,@BBC,"? @JTimberlake has dropped his new track #Filthy! 
Here's everything we know so far about his comeback. ?… https://t.co/67mmIn0j1s"
90,-0.2023,Fri Jan 05 11:00:07 +0000 2018,0.726,0.154,0.12,2,@BBC,???? MPs are calling for a 25p #LatteLevy on disposable coffee cups - and a total ban unless recycling improves. Wh… https://t.co/ii2sTS0zJz
91,0.0,Fri Jan 05 10:27:02 +0000 2018,1.0,0.0,0.0,2,@BBC,"This #NationalBirdDay, immerse yourself in the British countryside with four minutes of uninterrupted footage from… https://t.co/8rGItvhENP"
92,-0.296,Fri Jan 05 09:00:04 +0000 2018,0.82,0.18,0.0,2,@BBC,Trying to stop suicides in Aokigahara forest in Japan. https://t.co/vMts4cvDWh https://t.co/WthsIMR0OY
93,0.0,Fri Jan 05 08:51:15 +0000 2018,1.0,0.0,0.0,2,@BBC,RT @BBCWorld: A celebration of black female photography https://t.co/D0GOq2Ekh3
94,0.0,Fri Jan 05 08:50:54 +0000 2018,1.0,0.0,0.0,2,@BBC,RT @BBCNews: First openly transgender woman in British Vogue https://t.co/mFt1oG38ok
95,-0.2732,Fri Jan 05 08:47:27 +0000 2018,0.9,0.1,0.0,2,@BBC,RT @BBCScotlandNews: Meet the electric skateboarders who can cut through traffic at 25mph. Another step closer to Marty McFly’s hoverboard……
96,0.4215,Fri Jan 05 08:40:01 +0000 2018,0.896,0.0,0.104,2,@BBC,RT @BBCNewsbeat: Jack has just touched down in the UK after being rescued from a dog meat farm in South Korea. 2.5 million dogs are killed…
97,0.0,Fri Jan 05 08:40:01 +0000 2018,1.0,0.0,0.0,2,@BBC,How to be a guide runner! ?? https://t.co/deQo8TwhkX
98,-0.4404,Fri Jan 05 08:21:04 +0000 2018,0.854,0.146,0.0,2,@BBC,"'I wound down the window to stroke a lion'. ?
Zoo attacks and the people who survive them. ? https://t.co/2zDKPHayDx https://t.co/i5kBJt8EQw"
99,-0.0516,Fri Jan 05 08:00:04 +0000 2018,0.574,0.221,0.205,2,@BBC,"What’s life like as a blind, single mum? 
#EverydayHeroes https://t.co/KRAit5faWa"
100,0.0,Fri Jan 05 07:38:04 +0000 2018,1.0,0.0,0.0,2,@BBC,??10 books you need to read in 2018. https://t.co/9tTXN1VmjH https://t.co/OeJTjazpPj
101,0.0,Sat Jan 06 20:05:17 +0000 2018,1.0,0.0,0.0,3,@CBS,"RT @debrabirnbaum: .@ShawnRyanTV: To me, being on CBS is the opposite of preaching to the choir. #TCA18"
102,0.8271,Sat Jan 06 19:04:08 +0000 2018,0.686,0.0,0.314,3,@CBS,RT @LivinBiblically: “The truth is it somehow gorgeously straddles both sides...I have had friends come from all different walks of life an…
103,-0.7717,Sat Jan 06 19:03:38 +0000 2018,0.774,0.226,0.0,3,@CBS,RT @instinctcbs: “This is a crime show where at the end you’re not reminded of how miserable things are in the world right now…You feel sat…
104,0.0,Sat Jan 06 00:37:55 +0000 2018,1.0,0.0,0.0,3,@CBS,"RT @startrekcbs: Star Trek has touched the lives of generations of fans, including the cast and writers of #StarTrekDiscovery. What's your…"
105,0.0,Sat Jan 06 00:30:53 +0000 2018,1.0,0.0,0.0,3,@CBS,#StrangeAngel has found its leading man! Jack Reynor will star as famed rocket engineer Jack Parsons in the upcomin… https://t.co/sHkSKABGfd
106,0.0,Fri Jan 05 18:30:42 +0000 2018,1.0,0.0,0.0,3,@CBS,"The streak of new episodes continues! Watch new episodes of #MacGyver, #H50 &amp; #BlueBloods tonight starting at 8/7c.… https://t.co/xs2vbVqBJZ"
107,0.0,Fri Jan 05 16:05:58 +0000 2018,1.0,0.0,0.0,3,@CBS,"RT @CBSTweet: #CBSRatingsNews: CBS Sweeps Fourth Quarter Ratings in Daytime, Primetime and Late Night for the First Time Since 2009 https:/…"
108,0.1867,Thu Jan 04 23:13:02 +0000 2018,0.89,0.0,0.11,3,@CBS,"New year, new episodes! Don't miss all-new episodes of @BigBangTheory, @YoungSheldon, @MomCBS, @LifeInPiecesCBS, an… https://t.co/COf6Qg8Mz1"
109,-0.296,Thu Jan 04 14:43:09 +0000 2018,0.879,0.121,0.0,3,@CBS,"Current nominees @LadyGaga, @LittleBigTown, @Pink, Childish Gambino and more will perform live at the #GRAMMYs, Jan… https://t.co/PlLMasNPwD"
110,0.5423,Wed Jan 03 20:33:09 +0000 2018,0.821,0.0,0.179,3,@CBS,"RT @startrekcbs: From Airiam to Zefram Cochrane, #StarTrekDiscovery features fascinating new concepts along with classic references. What's…"
111,-0.5267,Wed Jan 03 19:51:15 +0000 2018,0.833,0.167,0.0,3,@CBS,Torres and Bishop went undercover as a criminal couple on the latest episode of #NCIS. Catch up now:… https://t.co/1iTEneHyJS
112,0.5423,Wed Jan 03 15:00:05 +0000 2018,0.857,0.0,0.143,3,@CBS,Do you know all the nominees for Artist Of The Year? Get familiar with this year's GRAMMY® Award nominees ahead of… https://t.co/UQa8Mu9PUV
113,0.0,Wed Jan 03 12:00:01 +0000 2018,1.0,0.0,0.0,3,@CBS,"The new year of new episodes continues tonight with all-new episodes of #AmazingRace, #SEALTeam and #CriminalMinds… https://t.co/bwhNhQgsFC"
114,-0.7692,Wed Jan 03 00:47:26 +0000 2018,0.733,0.267,0.0,3,@CBS,"RT @BullCBS: Tonight, can #Bull prove that a teen accused of robbing a jewelry store isn't responsible for the crime? Tune in at 9/8c or st…"
115,0.8516,Tue Jan 02 22:41:51 +0000 2018,0.66,0.0,0.34,3,@CBS,It's your last chance to choose the pro football player with the best off-the-field talent! Vote now to decide who… https://t.co/6DjwqU0MB9
116,0.0,Tue Jan 02 08:00:03 +0000 2018,1.0,0.0,0.0,3,@CBS,"New year, new episodes -- all week long! It kicks off with an all-new #NCIS, #Bull and #NCISNOLA tonight starting a… https://t.co/bcmAaUQJtf"
117,0.0,Mon Jan 01 01:16:12 +0000 2018,1.0,0.0,0.0,3,@CBS,"Due to #NFL football games overrun, revised start times &amp; lineup for Eastern/Central Time Zones Only:
#60Minutes 8:… https://t.co/rqOYbM5j0h"
118,0.7798,Sun Dec 31 14:37:05 +0000 2017,0.736,0.0,0.264,3,@CBS,Get ready for football! Stream NFL on CBS today with #CBSAllAccess. Try 1 month FREE with promo code BINGE (not ava… https://t.co/NEntvW7QHd
119,0.0,Sat Dec 30 20:25:20 +0000 2017,1.0,0.0,0.0,3,@CBS,"RT @NoActivityCBS: All season nothing's happened. Now prepare for activity. Stream the #NoActivity season finale Sunday, Dec 31 on CBS All…"
120,0.3612,Sat Dec 30 20:24:58 +0000 2017,0.884,0.0,0.116,3,@CBS,RT @startrekcbs: Find out what happens when you boldly go too far. #StarTrekDiscovery continues January 7 on CBS All Access: https://t.co/f…
121,0.0857,Fri Dec 29 16:06:02 +0000 2017,0.699,0.144,0.157,3,@CBS,Stream NC State Wolfpack at Arizona State Sun Devils LIVE today at 3PM ET with a 1-month FREE trial of… https://t.co/8k50thgtip
122,0.1511,Thu Dec 28 20:31:01 +0000 2017,0.783,0.096,0.121,3,@CBS,"In case you missed this star-studded tribute to Carol Burnett's classic comedy series, catch up now! Watch The Caro… https://t.co/wu7BxM9gtm"
123,0.0,Thu Dec 28 19:28:22 +0000 2017,1.0,0.0,0.0,3,@CBS,Some of TV's biggest stars saluted @TheNormanLear's impact on television and culture at The 40th Annual Kennedy Cen… https://t.co/E74ChUW1uE
124,0.875,Wed Dec 27 22:45:05 +0000 2017,0.643,0.0,0.357,3,@CBS,The search is on to find the pro football player with the best off-the-field talent. Vote for your favorite player… https://t.co/R0fb5ngJ16
125,0.7717,Wed Dec 27 21:04:10 +0000 2017,0.705,0.0,0.295,3,@CBS,"Celebrate everyone's favorite classic sitcom with Carol Burnett, Vicki Lawrence, and more stars during The Carol Bu… https://t.co/SaiZ9TzBVO"
126,0.8452,Wed Dec 27 19:52:02 +0000 2017,0.663,0.0,0.337,3,@CBS,Joy to the world of streaming! Try #CBSAllAccess FREE for 1 month – just use code BINGE by 1/2:… https://t.co/9p1ACnslz6
127,0.0,Wed Dec 27 19:40:34 +0000 2017,1.0,0.0,0.0,3,@CBS,"Music legend Stevie Wonder salutes @LionelRichie while performing his classic hit, ""Easy"" at The 40th Annual Kenned… https://t.co/7TeDeNyhgo"
128,0.7003,Wed Dec 27 12:00:01 +0000 2017,0.766,0.0,0.234,3,@CBS,"As the youngest Kennedy Center Honoree in 40 years, @LLCoolJ talks about what motivates him to chase his dreams. Wa… https://t.co/DFY78y99w3"
129,0.8398,Wed Dec 27 07:27:33 +0000 2017,0.64,0.0,0.36,3,@CBS,Here's to the 2017 Kennedy Center Honorees! Catch up on an evening of stunning performances and inspiring speeches… https://t.co/jGfANpSCul
130,0.8221,Wed Dec 27 04:00:52 +0000 2017,0.664,0.0,0.336,3,@CBS,This celebration could go all night long! What a great final performance in honor of @LionelRichie. #KCHonors https://t.co/xKLWpKr3v0
131,0.0,Wed Dec 27 03:59:48 +0000 2017,1.0,0.0,0.0,3,@CBS,RT @MarkAPrinceJr: A #LionelRichie tribute is not complete without ?All Night Long? ? #KCHonors
132,0.8271,Wed Dec 27 03:36:01 +0000 2017,0.58,0.0,0.42,3,@CBS,Carmen de Lavallade (@CarmenDances) got emotional during those beautiful performances in her honor. Congratulations… https://t.co/gOCAZpZDpt
133,0.0,Wed Dec 27 03:03:49 +0000 2017,1.0,0.0,0.0,3,@CBS,RT @llcoolj: Attn: #HIPHOP !!!! We made history!! #KCHonors
134,0.5255,Wed Dec 27 03:03:26 +0000 2017,0.78,0.0,0.22,3,@CBS,.@llcoolj is making history! He’s the Kennedy Center’s first hip-hop honoree. #KCHonors https://t.co/kCqkOdUjtu
135,0.7096,Wed Dec 27 02:57:56 +0000 2017,0.753,0.0,0.247,3,@CBS,RT @ErinAnnCullen: #KCHonors is always a night of inspiration. Thank you to these artists for your impact on our country. ???????
136,0.7345,Wed Dec 27 02:48:52 +0000 2017,0.64,0.0,0.36,3,@CBS,Give a round of applause to television pioneer and 2017 Honoree @TheNormanLear! #KCHonors https://t.co/20UosF987x
137,0.6124,Wed Dec 27 02:45:34 +0000 2017,0.826,0.0,0.174,3,@CBS,RT @AliL: This tribute to Norman Lear on #KCHonors is outstanding AND a walk down my childhood TV memory lane. ???
138,0.3699,Wed Dec 27 02:28:07 +0000 2017,0.702,0.0,0.298,3,@CBS,RT @llcoolj: Moments I’ll never forget!!! #KCHonors
139,0.8748,Wed Dec 27 02:26:46 +0000 2017,0.474,0.0,0.526,3,@CBS,.@GloriaEstefan approves of those amazing musical performances in her honor! #KCHonors https://t.co/i3EVYEoKRx
140,0.9601,Wed Dec 27 02:20:11 +0000 2017,0.434,0.0,0.566,3,@CBS,RT @thepickypantry: Beautiful tribute to @GloriaEstefan on the Kennedy Center Honors. Love Mi Tierra! Amazing and inspiring what a fighter…
141,0.8908,Wed Dec 27 02:00:29 +0000 2017,0.654,0.0,0.346,3,@CBS,Time to celebrate the 2017 honorees at The 40th Annual Kennedy Center Honors! Tune in now on CBS and CBS All Access… https://t.co/1OULMpCfPy
142,0.0,Wed Dec 27 01:08:32 +0000 2017,1.0,0.0,0.0,3,@CBS,"Tonight, @LionelRichie, @LLCoolJ, @GloriaEstefan, @TheNormanLear &amp; Carmen de Lavallade will be recognized at The 40… https://t.co/jZJqNo8h3b"
143,0.2415,Tue Dec 26 12:00:01 +0000 2017,0.61,0.173,0.218,3,@CBS,"Don't miss the breathtaking performances, standing ovations and moving tributes that will leave you inspired. Here'… https://t.co/imILa52fjz"
144,0.5106,Mon Dec 25 12:00:05 +0000 2017,0.809,0.0,0.191,3,@CBS,"Experience the performances and the memories when 2017 Honorees @LionelRichie, @GloriaEstefan, Carmen de Lavallade,… https://t.co/ygbqASVL7t"
145,-0.2263,Mon Dec 25 00:48:24 +0000 2017,0.899,0.101,0.0,3,@CBS,"Due to NFL overrun CBS is delayed 36mins in Charlotte/NC, Cincinnati/OH, Nashville, Atlanta, New Orleans, Baton Rou… https://t.co/20mnbAhpTm"
146,0.7574,Sun Dec 24 20:40:42 +0000 2017,0.711,0.0,0.289,3,@CBS,"Tonight, get together and enjoy Christmas Eve with a two-hour marathon of your favorite classic sitcoms! Watch The… https://t.co/SCv8TJy9Yp"
147,0.7974,Sun Dec 24 14:17:43 +0000 2017,0.727,0.0,0.273,3,@CBS,Get ready for football! Stream NFL on CBS today with #CBSAllAccess. Try 1 month FREE with promo code BINGE! (Not av… https://t.co/6mR4bRR5Ey
148,0.0,Sun Dec 24 12:30:02 +0000 2017,1.0,0.0,0.0,3,@CBS,"All In The Family star @RobReiner gives props to legendary television writer, producer and 2017 Kennedy Center Hono… https://t.co/98jc5i63zE"
149,0.0,Sat Dec 23 16:21:17 +0000 2017,1.0,0.0,0.0,3,@CBS,"Rapper @BustaRhymes pays tribute to @LLCoolJ, performing his hit song ""Mama Said Knock You Out"" at The 40th Annual… https://t.co/CRjQArUqwd"
150,0.8236,Sat Dec 23 15:00:02 +0000 2017,0.714,0.0,0.286,3,@CBS,"Oh, what fun it is to stream! Start a 1-month FREE trial of #CBSAllAccess now. Use promo code BINGE by 1/2:… https://t.co/rSAnDJDgbI"
151,0.7712,Sat Dec 23 12:37:04 +0000 2017,0.645,0.0,0.355,3,@CBS,CBS stars are glowing with holiday spirit! See how the stars are getting festive this season:… https://t.co/7qYTHoxFIc
152,0.743,Sat Dec 23 07:24:44 +0000 2017,0.583,0.107,0.311,3,@CBS,Spread some holiday cheer and laugh along with Dick Van Dyke and Mary Tyler Moore in two back-to-back episodes of T… https://t.co/N89JoYvXZW
153,0.8687,Sat Dec 23 06:39:45 +0000 2017,0.635,0.0,0.365,3,@CBS,Come home for the holidays with Lucy and Ricky in the I Love Lucy Christmas Special! Stream the full show:… https://t.co/s7f9mjEtER
154,-0.1531,Sat Dec 23 01:38:37 +0000 2017,0.769,0.127,0.104,3,@CBS,"Tonight at 9/8c, gather the family for two hilarious episodes of this classic sitcom in The Dick Van Dyke Show- Now… https://t.co/YcyECVr2NN"
155,0.9422,Sat Dec 23 00:39:52 +0000 2017,0.531,0.0,0.469,3,@CBS,Get ready to laugh in the holidays tonight with Lucy and the gang in the I Love Lucy Christmas Special at 8/7c! Str… https://t.co/txU2TwXWOg
156,0.6588,Fri Dec 22 19:35:35 +0000 2017,0.759,0.0,0.241,3,@CBS,"Tonight, ring in the holidays with two back-to-back episodes of a timeless comedy classic, now in color! Watch the… https://t.co/skJsgJdQel"
157,0.6597,Fri Dec 22 18:03:20 +0000 2017,0.722,0.0,0.278,3,@CBS,"Groundbreaking, daring, fearless. This is CBS All Access Originals. 

Sign up now to watch @StarTrekCBS,… https://t.co/kvPsJafYrN"
158,0.5255,Fri Dec 22 14:04:52 +0000 2017,0.841,0.0,0.159,3,@CBS,2017 Honoree @LLCoolJ is the first hip-hop artist recognized at the #KCHonors! Learn more about the @NCISLA star's… https://t.co/eK91KdBNpG
159,0.8718,Thu Dec 21 12:04:04 +0000 2017,0.632,0.0,0.368,3,@CBS,"She's at it again! Tomorrow, relive Lucy's hilarious antics during the I Love Lucy Christmas Special at 8/7c on CBS… https://t.co/g01UGGLEDk"
160,0.6597,Thu Dec 21 01:04:27 +0000 2017,0.787,0.0,0.213,3,@CBS,"RT @survivorcbs: 6 heroes, 6 healers, 6 hustlers, but only 1 sole #Survivor. Ready to find out who it is? Tune in to the #SurvivorFinale no…"
161,0.3818,Wed Dec 20 23:00:04 +0000 2017,0.843,0.0,0.157,3,@CBS,Watch @kelly_clarkson deliver a moving performance of 'Christmas Eve' during A Home for the Holidays with… https://t.co/TAcstl7VYh
162,0.743,Wed Dec 20 21:08:10 +0000 2017,0.751,0.0,0.249,3,@CBS,"In two days, celebrate the holidays with the gang with two back-to-back episodes of the classic sitcom during the I… https://t.co/FRr8jX7MXZ"
163,0.7222,Wed Dec 20 20:10:15 +0000 2017,0.719,0.0,0.281,3,@CBS,2017 Honoree @LLCoolJ salutes James Brown for paving the way for artists like himself. Don't miss The 40th Annual K… https://t.co/310Wfk7EoW
164,0.0,Wed Dec 20 19:31:47 +0000 2017,1.0,0.0,0.0,3,@CBS,Singer-songwriter @JoshGroban delivers a powerhouse performance while raising awareness of adoption through foster… https://t.co/FiQKJdx7Ty
165,0.5423,Wed Dec 20 15:30:01 +0000 2017,0.857,0.0,0.143,3,@CBS,Do you know all the nominees for Album Of The Year? Get familiar with this year's GRAMMY®  Award nominees ahead of… https://t.co/GYnxLT3n4p
166,0.1139,Wed Dec 20 01:01:19 +0000 2017,0.941,0.0,0.059,3,@CBS,RT @survivorcbs: This finale is going to be unlike any ending in the history of #Survivor. Don't miss the finale + reunion all starting Wed…
167,0.7644,Wed Dec 20 00:14:34 +0000 2017,0.708,0.0,0.292,3,@CBS,"This Friday, gather around the tree and celebrate the holidays with Lucille Ball! Watch two colorized back-to-back… https://t.co/4wopbmS4ez"
168,0.0,Tue Dec 19 21:12:50 +0000 2017,1.0,0.0,0.0,3,@CBS,Kevin and Vanessa took a trip back in time on last night's #KevinCanWait. Watch the latest episode now:… https://t.co/SAqbLOd1Pg
169,0.3818,Tue Dec 19 21:00:03 +0000 2017,0.852,0.0,0.148,3,@CBS,"Find out how to watch A Home for the Holidays with @JoshGroban, featuring performances by @Kelly_Clarkson,… https://t.co/Y6zrR9PigH"
170,0.5719,Tue Dec 19 15:30:04 +0000 2017,0.791,0.0,0.209,3,@CBS,"In one week, celebrate a night of legends when @LionelRichie, @GloriaEstefan, Carmen de Lavallade (@CarmenDances),… https://t.co/u7eXxb521H"
171,0.0,Tue Dec 19 14:42:58 +0000 2017,1.0,0.0,0.0,3,@CBS,"Kick off The 60th Annual #GRAMMYs with @NancyODell, @KevinFrazier &amp; @KeltieKnight as they go behind the scenes with… https://t.co/J6KDEGV1g1"
172,0.6808,Tue Dec 19 00:39:07 +0000 2017,0.714,0.0,0.286,3,@CBS,"Country crooner Luke Bryan (@LukeBryanOnline) honors @LionelRichie with a smooth rendition of his original song, 'P… https://t.co/XIF7ESukR8"
173,0.875,Mon Dec 18 22:53:34 +0000 2017,0.643,0.0,0.357,3,@CBS,The search is on to find the pro football player with the best off-the-field talent. Vote for your favorite player… https://t.co/7uXC3SEz96
174,0.8957,Mon Dec 18 21:32:25 +0000 2017,0.505,0.0,0.495,3,@CBS,"It's the greatest gift a family can give. Celebrate adoption with superstars @JoshGroban, @Kelly_Clarkson,… https://t.co/1wc6meuGF7"
175,0.7569,Mon Dec 18 18:40:55 +0000 2017,0.712,0.0,0.288,3,@CBS,"Mark your calendars! @NCISLA star @LLCoolJ will host MVP: Most Valuable Performer, a new interactive talent show to… https://t.co/s2LilAv50X"
176,0.0,Mon Dec 18 00:42:56 +0000 2017,1.0,0.0,0.0,3,@CBS,"Approximate start times for #CBS tonight (East &amp; Midwest):
#60Minutes 7:38p/6:38c
#WisdomoftheCrowd 8:38p/7:38c… https://t.co/tFKrUBcv8B"
177,0.5093,Mon Dec 18 00:00:40 +0000 2017,0.859,0.0,0.141,3,@CBS,"RT @kencen: Look back on favorite #KCHonors tributes before the Dec. 26 @CBS broadcast! From 2002: @aliciakeys sings ""Bridge Over Troubled…"
178,0.8527,Sun Dec 17 17:48:58 +0000 2017,0.576,0.044,0.38,3,@CBS,"This Friday, you won't want to miss this priceless treasure when the I Love Lucy Christmas Special airs at 8/7c on… https://t.co/oyC9YDno00"
179,0.7798,Sun Dec 17 15:39:38 +0000 2017,0.725,0.0,0.275,3,@CBS,Get ready for football! Stream NFL on CBS today with #CBSAllAccess. Try 1 week FREE (not available on mobile phones… https://t.co/cNMa11dmza
180,0.25,Sat Dec 16 18:29:05 +0000 2017,0.875,0.0,0.125,3,@CBS,RT @HawaiiFive0CBS: Was it all a dream? Catch up on the #H50 Fall Finale: https://t.co/PDeOIaDGqu https://t.co/msEijhSSJH
181,0.1867,Sat Dec 16 12:00:07 +0000 2017,0.92,0.0,0.08,3,@CBS,"In less than a week, Lucy and Ricky will return to your screens... in full color! Don't miss two back-to-back episo… https://t.co/rtmvB5Cj1D"
182,0.5423,Fri Dec 15 20:23:58 +0000 2017,0.857,0.0,0.143,3,@CBS,Do you know all the nominees for Record Of The Year? Get familiar with this year's GRAMMY® Award nominees ahead of… https://t.co/lXDIu1STfq
183,0.6114,Fri Dec 15 14:43:08 +0000 2017,0.8,0.0,0.2,3,@CBS,'Elton John: I'm Still Standing - A GRAMMY® Salute' will celebrate Elton John's legendary career and timeless hits!… https://t.co/6M38jQQpTA
184,0.5106,Thu Dec 14 19:13:25 +0000 2017,0.798,0.0,0.202,3,@CBS,"Get to know 2017 Kennedy Center honorees @LLCoolJ, Carmen de Lavallade (@CarmenDances), @GloriaEstefan,… https://t.co/RGe3zqmY08"
185,0.0,Wed Dec 13 23:20:01 +0000 2017,1.0,0.0,0.0,3,@CBS,"So close, yet so far away. Which #Survivor Castaways Will Earn Their Spot In The Final Five? More:… https://t.co/efeBVa4p26"
186,0.5093,Wed Dec 13 18:56:58 +0000 2017,0.798,0.0,0.202,3,@CBS,RT @BandB_CBS: Take a walk down #BoldandBeautiful memory lane! RT your favorite #Steam moment. https://t.co/kxeD2br8Tc
187,0.0,Tue Dec 12 20:34:16 +0000 2017,1.0,0.0,0.0,3,@CBS,"RT @thegoodfight: Court is back in session. Season 2 of #TheGoodFight premieres March 4, exclusively on CBS All Access: https://t.co/Niu5a8…"
188,0.5562,Tue Dec 12 19:04:59 +0000 2017,0.854,0.0,0.146,3,@CBS,Only two weeks until The 40th Annual Kennedy Center Honors air on December 26! Look back on four decades of inspiri… https://t.co/z4J8sfs55V
189,0.555,Tue Dec 12 17:13:52 +0000 2017,0.826,0.0,0.174,3,@CBS,"Mark your calendars! The 53rd Academy Of Country Music Awards will air Sunday, April 15 on CBS!… https://t.co/yYPc5rCiMW"
190,0.8832,Mon Dec 11 21:29:33 +0000 2017,0.636,0.0,0.364,3,@CBS,The search is on to find the pro football player with the best off-the-field talent! Vote for your favorite perform… https://t.co/musmVXrRJz
191,0.4939,Mon Dec 11 19:05:21 +0000 2017,0.703,0.086,0.211,3,@CBS,RT @MadamSecretary: No D.C. holiday party is complete without some political persuasion and a covert sting to bust a corrupt senator. ??? S…
192,-0.2263,Mon Dec 11 00:26:50 +0000 2017,0.917,0.083,0.0,3,@CBS,"Due to NFL overrun, CBS is delayed 8 mins in the following ET &amp; CT markets: Hunstville, AL, Bowling Green, KY, MS,… https://t.co/gbwhgooEQd"
193,-0.2263,Mon Dec 11 00:25:54 +0000 2017,0.913,0.087,0.0,3,@CBS,"Due to NFL overrun CBS is delayed 7 mins in the following ET &amp; CT markets Tampa, Chicago, Maryland, Michigan, Wash… https://t.co/driVgCiX7D"
194,0.0772,Sun Dec 10 22:49:02 +0000 2017,0.936,0.0,0.064,3,@CBS,"RT @NoActivityCBS: If you want the intel, you get the tickles. ? Stream the first 5 episodes of #NoActivity now: https://t.co/Wzq9bVOhGN ht…"
195,0.0,Sun Dec 10 22:48:46 +0000 2017,1.0,0.0,0.0,3,@CBS,RT @startrekcbs: .@albinokid and @wcruz73 are breaking new ground in #StarTrekDiscovery. ???? Stream chapter 1 on CBS All Access: https://t…
196,0.5754,Sat Dec 09 18:24:37 +0000 2017,0.742,0.07,0.189,3,@CBS,Don’t miss America’s Game! Stream the Army-Navy game LIVE today at 3PM ET with a FREE trial of #CBSAllAccess:… https://t.co/38udnQj2vs
197,0.6476,Sat Dec 09 01:11:51 +0000 2017,0.791,0.0,0.209,3,@CBS,"There's still time before we have to say so long! Catch up with Carol Burnett, her original castmates and special g… https://t.co/WTiK8dzaXO"
198,0.8126,Fri Dec 08 23:35:41 +0000 2017,0.697,0.0,0.303,3,@CBS,RT @bigbangtheory: It's the biggest best friend breakup of the year... ? Stream the latest full episode of #BigBangTheory: https://t.co/iIw…
199,0.7777,Thu Dec 07 18:23:03 +0000 2017,0.746,0.0,0.254,3,@CBS,"RT @AmazingRaceCBS: Presenting... the 30th cast of the #AmazingRace! Made up of champions and winners, this is quite literally the most com…"
200,0.34,Sun Jan 07 19:00:19 +0000 2018,0.844,0.0,0.156,4,@CNN,New Homeland Security Secretary Kirstjen Nielsen secretary faces her first immigration litmus test… https://t.co/4IIbzqGJLr
201,-0.7845,Sun Jan 07 18:45:14 +0000 2018,0.503,0.497,0.0,4,@CNN,Saudi Arabia arrests 11 princes protesting cuts to perks https://t.co/i1txXespuD https://t.co/Jjb7O0O5qM
202,0.0,Sun Jan 07 18:30:21 +0000 2018,1.0,0.0,0.0,4,@CNN,Here's a look at the week in politics https://t.co/2IBAcXbiud https://t.co/i1JPHnAXLU
203,0.0,Sun Jan 07 18:15:07 +0000 2018,1.0,0.0,0.0,4,@CNN,"This ministry has the ""intractable"" task of reuniting North and South Korea https://t.co/aE2YJdwCkt https://t.co/LnDFXx2FCa"
204,-0.0772,Sun Jan 07 18:00:14 +0000 2018,0.874,0.126,0.0,4,@CNN,US adds platform for stealth jets to Pacific https://t.co/zzJdaXDY3F https://t.co/q9CBqsReTY
205,-0.3612,Sun Jan 07 18:00:03 +0000 2018,0.878,0.122,0.0,4,@CNN,Former White House chief strategist Steve Bannon says he regrets not responding sooner to comments attributed to hi… https://t.co/XbfGSjwv7I
206,-0.1027,Sun Jan 07 17:45:15 +0000 2018,0.924,0.076,0.0,4,@CNN,What you need to know about hackers who might try to exploit Spectre and Meltdown bugs https://t.co/mrnKPG2Oaz https://t.co/SMQkrNHn2h
207,-0.7096,Sun Jan 07 17:30:06 +0000 2018,0.651,0.349,0.0,4,@CNN,"Actor Jerry Van Dyke, brother of Dick, dies at age 86 https://t.co/E0FabaOazB https://t.co/xbrFGdWlQd"
208,0.2263,Sun Jan 07 17:15:02 +0000 2018,0.894,0.0,0.106,4,@CNN,The new tax law is expected to spark a $450 billion buyout bonanza for Wall Street https://t.co/jIgosqHNQF https://t.co/tTyCFgxQea
209,0.0,Sun Jan 07 17:00:13 +0000 2018,1.0,0.0,0.0,4,@CNN,"Sydney, Australia, swelters with near-record high temperature https://t.co/bbP4JamsYN https://t.co/U5cAGGTFmt"
210,0.2023,Sun Jan 07 16:51:20 +0000 2018,0.752,0.106,0.142,4,@CNN,"""There's only one viewer you care about,"" CNN's Jake Tapper tells Trump aide Stephen Miller during fiery interview… https://t.co/QiQFwegF5P"
211,0.0,Sun Jan 07 16:30:17 +0000 2018,1.0,0.0,0.0,4,@CNN,"Attorney General Jeff Sessions' marijuana move will backfire, writes Michael Chernis for @CNNOpinion… https://t.co/6ZDLmjl4nD"
212,0.4767,Sun Jan 07 16:15:07 +0000 2018,0.687,0.0,0.313,4,@CNN,Comedian Stephen Colbert extends Trump satire into animated realm https://t.co/KJ7lMFWJZ3 https://t.co/1kOegGN4hF
213,-0.7269,Sun Jan 07 16:00:13 +0000 2018,0.621,0.379,0.0,4,@CNN,"""Fire and Fury"" publisher is rushing to print more books https://t.co/ePWQLwTdBH https://t.co/28sqcnsyzJ"
214,0.0,Sun Jan 07 15:45:16 +0000 2018,1.0,0.0,0.0,4,@CNN,Soccer player Philippe Coutinho to have $481 million buyout clause after the Brazilian joins Barcelona from Liverpo… https://t.co/kTh28xJO6J
215,-0.34,Sun Jan 07 15:32:36 +0000 2018,0.876,0.124,0.0,4,@CNN,"During a fiery interview with CNN's Jake Tapper?, White House senior policy adviser Stephen Miller called former Wh… https://t.co/7yPKNksLFW"
216,0.4932,Sun Jan 07 15:15:06 +0000 2018,0.803,0.0,0.197,4,@CNN,"East Coast brrraces for more chill, but warmer weather on the way https://t.co/WG5psteEgB https://t.co/NBB4qW3E6W"
217,0.0,Sun Jan 07 15:01:23 +0000 2018,1.0,0.0,0.0,4,@CNN,".@VanJones68 on #CNNSOTU: ""The people who are actually in charge of the nuclear arsenal have to be evaluated, but t… https://t.co/8Dhz6mzTKu"
218,0.0,Sun Jan 07 15:00:22 +0000 2018,1.0,0.0,0.0,4,@CNN,"Delta Air Lines flew its last Boeing 747 to an aircraft boneyard in Arizona this week, ending operations for 747s b… https://t.co/RcKxWOpop6"
219,-0.7579,Sun Jan 07 14:53:06 +0000 2018,0.745,0.255,0.0,4,@CNN,"Former George W. Bush strategist Mark McKinnon on the Trump White House response to ""Fire and Fury:"" ""The worst thi… https://t.co/3fi52Vzsn4"
220,-0.34,Sun Jan 07 14:47:32 +0000 2018,0.897,0.103,0.0,4,@CNN,"Former Obama senior adviser David Axelrod on the Trump White House response to ""Fire and Fury:"" ""I think this has b… https://t.co/FmwiOhipoZ"
221,0.5267,Sun Jan 07 14:41:33 +0000 2018,0.833,0.0,0.167,4,@CNN,"Rep. Adam Schiff says he believes the Justice Department is investigating the Clinton Foundation at the ""badgering""… https://t.co/CPklqqzjuU"
222,0.5267,Sun Jan 07 14:30:23 +0000 2018,0.714,0.079,0.207,4,@CNN,"JetBlue says it's handing out $21 million worth of bonuses to employees because of the corporate tax cut -- all 21,… https://t.co/HsRkbKETUm"
223,0.4019,Sun Jan 07 14:28:16 +0000 2018,0.881,0.0,0.119,4,@CNN,"Rep. Adam Schiff: ""I don't think there's anyone in Congress, frankly, of either party who does not concur at least… https://t.co/UjkT26p6Qu"
224,0.0,Sun Jan 07 14:20:58 +0000 2018,1.0,0.0,0.0,4,@CNN,"""His role has been greatly exaggerated,"" White House senior policy adviser Stephen Miller says of Steve Bannon, who… https://t.co/FHIcH9FWXT"
225,0.6369,Sun Jan 07 14:09:24 +0000 2018,0.826,0.0,0.174,4,@CNN,"Trump Senior Policy Adviser Stephen Miller on Wolff book: ""The book is best understood as a work of very poorly wri… https://t.co/3DQ7Q4bd05"
226,0.0,Sun Jan 07 14:00:39 +0000 2018,1.0,0.0,0.0,4,@CNN,The future of how the internet is regulated could be decided by a showdown between states and the federal governmen… https://t.co/9MkuWmgFbf
227,-0.7783,Sun Jan 07 13:30:08 +0000 2018,0.688,0.312,0.0,4,@CNN,Book fury hits Trump where it hurts most -- his image | Analysis by Stephen Collinson https://t.co/tV7i8rZG55 https://t.co/WdoeFpsgLn
228,0.4588,Sun Jan 07 13:00:24 +0000 2018,0.857,0.0,0.143,4,@CNN,The US Centers for Disease Control and Prevention wants to gently prepare people for (an unlikely) nuclear war… https://t.co/d03HUeItZm
229,0.0,Sun Jan 07 12:30:18 +0000 2018,1.0,0.0,0.0,4,@CNN,What the heck does Steve Bannon do now? | Analysis by @CillizzaCNN https://t.co/XiGp4FeDeJ https://t.co/S3i68TemYr
230,0.0,Sun Jan 07 12:00:21 +0000 2018,1.0,0.0,0.0,4,@CNN,China's Tiangong-1 space lab is expected to crash-land on Earth by the end of March https://t.co/WmdxVqY7GD https://t.co/3wWGzkxhMV
231,-0.2023,Sun Jan 07 11:41:32 +0000 2018,0.748,0.142,0.11,4,@CNN,Eight people died and 84 were rescued after a boat believed to be carrying migrants headed to Europe sank off Libya… https://t.co/rKnyMdDu0l
232,0.0,Sun Jan 07 11:30:17 +0000 2018,1.0,0.0,0.0,4,@CNN,A record-breaking 22 women are now serving in the US Senate https://t.co/DqxD9wHnC8 https://t.co/Fx3Tpjr7pB
233,-0.6859,Sun Jan 07 11:00:55 +0000 2018,0.78,0.22,0.0,4,@CNN,"""Donald Trump is a very dangerous man. He does not belong in the presidency. ... I'm not going to support any membe… https://t.co/5tj9hniUZV"
234,-0.296,Sun Jan 07 10:57:15 +0000 2018,0.709,0.168,0.123,4,@CNN,"At least 17 civilians in the Syrian enclave of Eastern Ghouta have been killed in airstrikes, a rescue group and wa… https://t.co/Ts2uX1Ulke"
235,0.0,Sun Jan 07 10:30:20 +0000 2018,1.0,0.0,0.0,4,@CNN,"2017 was a defining year for American women. From the Women’s March on Washington to the #MeToo moment, a movement… https://t.co/FDJqQSctjW"
236,-0.6124,Sun Jan 07 10:00:27 +0000 2018,0.688,0.312,0.0,4,@CNN,Iceland just made it illegal to pay women less than men https://t.co/SqOvwg7gWj https://t.co/BI1a4rcRcT
237,0.0,Sun Jan 07 09:30:25 +0000 2018,1.0,0.0,0.0,4,@CNN,A database is preserving Africa's archaeological wonders using 3D technology https://t.co/WXAv12tI89
238,-0.296,Sun Jan 07 09:00:05 +0000 2018,0.896,0.104,0.0,4,@CNN,More White House officials were involved in an effort to pressure Attorney General Jeff Sessions to not recuse hims… https://t.co/g0kQWqrKVX
239,0.5267,Sun Jan 07 08:30:16 +0000 2018,0.703,0.082,0.215,4,@CNN,"JetBlue says it's handing out $21 million worth of bonuses to employees because of the corporate tax cut — all 21,0… https://t.co/rEYjzmCCI7"
240,0.3612,Sun Jan 07 08:00:22 +0000 2018,0.839,0.0,0.161,4,@CNN,Here's what bedtime looks like in for children in households around the world https://t.co/xorYkq5AQH
241,-0.3182,Sun Jan 07 07:30:17 +0000 2018,0.892,0.108,0.0,4,@CNN,Pope Francis is having cards printed and distributed showing a 1945 photo of victims of the nuclear bombing of Naga… https://t.co/kt2KZCRBrt
242,-0.296,Sun Jan 07 07:08:38 +0000 2018,0.896,0.104,0.0,4,@CNN,"Thirty-two people are missing after an oil tanker and freight ship collided off the east coast of China, according… https://t.co/I6PcqpADQU"
243,0.0772,Sun Jan 07 07:00:29 +0000 2018,0.902,0.0,0.098,4,@CNN,Want to be gym trendy in 2018? Do HIIT https://t.co/na2ZWV3eoN (via @CNNHealth) https://t.co/9x4NVlkQry
244,0.0,Sun Jan 07 06:30:03 +0000 2018,1.0,0.0,0.0,4,@CNN,America could become oil king of the world in 2018 https://t.co/j8VCtFEs3Q https://t.co/UtogYwS57G
245,0.5267,Sun Jan 07 06:29:56 +0000 2018,0.805,0.0,0.195,4,@CNN,A winning ticket for the $559 million Powerball jackpot was sold in New Hampshire. https://t.co/f2dsvnG8Fk https://t.co/yJaBQqGv4y
246,0.3597,Sun Jan 07 06:00:16 +0000 2018,0.849,0.0,0.151,4,@CNN,"President Trump's ""very stable genius"" tweet shows he isn't https://t.co/ZnZTQUa9pY | Analysis by Chris Cillizza https://t.co/qWljVGt8As"
247,-0.4927,Sun Jan 07 05:30:48 +0000 2018,0.856,0.144,0.0,4,@CNN,"President Trump says countries that are ""very harsh"" on drugs have ""much less difficulty,"" adding, “I think we’re g… https://t.co/ZPHc5YoeUW"
248,0.4215,Sun Jan 07 05:00:20 +0000 2018,0.859,0.0,0.141,4,@CNN,"A group of more than 1,000 women in entertainment, including Reese Witherspoon, Shonda Rhimes and Meryl Streep, hav… https://t.co/HP7XjfiEqi"
249,0.0,Sun Jan 07 04:32:43 +0000 2018,1.0,0.0,0.0,4,@CNN,"It takes 300 people, 12,000 parts and a year to make a single Steinway &amp; Sons piano. Here’s how the pianos are made… https://t.co/F9wPh0n4wl"
250,0.4404,Sun Jan 07 04:00:19 +0000 2018,0.805,0.0,0.195,4,@CNN,President Trump is expected to attend the college football national championship https://t.co/FcbSkjDIPR https://t.co/d9X99hW2IB
251,0.5256,Sun Jan 07 03:31:09 +0000 2018,0.841,0.0,0.159,4,@CNN,Ripple's recent price spike has made it the second most valuable cryptocurrency after bitcoin. Here's how it works… https://t.co/iap2wkrr8d
252,-0.7269,Sun Jan 07 03:00:21 +0000 2018,0.711,0.289,0.0,4,@CNN,"Democratic mega-donor and billionaire environmentalist Tom Steyer has purchased a copy of ""Fire and Fury"" for every… https://t.co/WuZurYb7fs"
253,0.3612,Sun Jan 07 02:32:08 +0000 2018,0.762,0.0,0.238,4,@CNN,This is what subzero temperature looks like https://t.co/BT8H3eMVq8 https://t.co/F0Mm0KY4DN
254,-0.8481,Sun Jan 07 02:00:23 +0000 2018,0.649,0.351,0.0,4,@CNN,"Former White House chief strategist Steve Bannon was going to attack ""Fire and Fury"" author Michael Wolff over quot… https://t.co/6CfJROgVYy"
255,0.0,Sun Jan 07 01:30:20 +0000 2018,1.0,0.0,0.0,4,@CNN,Taco Bell is planning to roll out $1 nacho fries — with a side of cheese sauce https://t.co/0aketnp0VB https://t.co/7xfnNYoyL2
256,-0.34,Sun Jan 07 01:01:10 +0000 2018,0.882,0.118,0.0,4,@CNN,Part of the Nashville skyline disappears as the former Centennial Tower and LifeWay building falls in a scheduled i… https://t.co/DgOnxzSkZw
257,0.0,Sun Jan 07 00:31:05 +0000 2018,1.0,0.0,0.0,4,@CNN,This is why we just can't quit Hillary Clinton https://t.co/NZ0o4xutSR (via @CNNOpinion) https://t.co/UrI8LlNCNS
258,-0.296,Sun Jan 07 00:00:12 +0000 2018,0.896,0.104,0.0,4,@CNN,More White House officials were involved in an effort to pressure Attorney General Jeff Sessions to not recuse hims… https://t.co/MtxjFAQ0Ae
259,0.4215,Sat Jan 06 23:30:25 +0000 2018,0.811,0.0,0.189,4,@CNN,"Eating fish improves kids' IQ scores and sleep, a new study says https://t.co/8iB0etPZON https://t.co/nBUp2rXM6K"
260,-0.5574,Sat Jan 06 23:00:06 +0000 2018,0.847,0.153,0.0,4,@CNN,Ex-astronaut John Young has died at age 87. He walked on the moon and commanded the first space shuttle flight.… https://t.co/OYAKxSLNnx
261,0.3612,Sat Jan 06 22:45:04 +0000 2018,0.71,0.101,0.189,4,@CNN,Should Democrats shake President Trump's hand and make this deal? https://t.co/O7Gv0CGthy (via @CNNOpinion) https://t.co/QtUP7mHJZ2
262,-0.2263,Sat Jan 06 22:30:15 +0000 2018,0.872,0.128,0.0,4,@CNN,Judge allows lawsuit against CBS by brother of JonBenét Ramsey to proceed https://t.co/5WW0Y8iYYC https://t.co/bzlx9IbKhd
263,0.0,Sat Jan 06 22:17:22 +0000 2018,1.0,0.0,0.0,4,@CNN,Former Republican congressman Ron Paul blasts Attorney General Jeff Sessions' decision to rescind the Obama-era pol… https://t.co/sQeKBD9sS3
264,-0.6808,Sat Jan 06 22:00:11 +0000 2018,0.714,0.286,0.0,4,@CNN,"Tech executive raises $100,000 for Roy Moore accuser after a fire destroyed her home this week… https://t.co/X2bOSMJHez"
265,0.5106,Sat Jan 06 21:45:06 +0000 2018,0.751,0.0,0.249,4,@CNN,A perennial southern powerhouse playing another perennial southern powerhouse in a stadium that looks like a cavern… https://t.co/dB9vHbth9h
266,0.0,Sat Jan 06 21:30:06 +0000 2018,1.0,0.0,0.0,4,@CNN,President Trump defends his sanity amid questions about his mental state https://t.co/uXcq1rnZA7 https://t.co/TDZruiLoNn
267,0.0,Sat Jan 06 21:15:08 +0000 2018,1.0,0.0,0.0,4,@CNN,These are 6 tech trends to watch at this year's International Consumer Electronics Show https://t.co/L1ikeGeajG https://t.co/kdax92hIKU
268,0.0,Sat Jan 06 21:00:06 +0000 2018,1.0,0.0,0.0,4,@CNN,President Trump says he's open to talking with North Korean leader Kim Jong Un https://t.co/22PUjttm7e https://t.co/iAoJgvsKS6
269,0.8271,Sat Jan 06 20:45:10 +0000 2018,0.617,0.0,0.383,4,@CNN,Here are some heroic tales of bravery from the winter storm to warm your heart https://t.co/02GEzYffix https://t.co/1UzHuC14DU
270,0.4404,Sat Jan 06 20:30:04 +0000 2018,0.861,0.0,0.139,4,@CNN,President Trump reiterates he wants those protected by the Deferred Action for Childhood Arrivals program to stay i… https://t.co/RH60PaoTsu
271,-0.5574,Sat Jan 06 20:15:07 +0000 2018,0.847,0.153,0.0,4,@CNN,Ex-astronaut John Young has died at age 87. He walked on the moon and commanded the first space shuttle flight.… https://t.co/k2XMw0I5PF
272,-0.4215,Sat Jan 06 20:00:11 +0000 2018,0.843,0.157,0.0,4,@CNN,Bubbling policy disagreements between President Trump's administration and California have seemed to spill over all… https://t.co/aWGqHy2FD8
273,-0.296,Sat Jan 06 19:45:12 +0000 2018,0.896,0.104,0.0,4,@CNN,More White House officials were involved in an effort to pressure Attorney General Jeff Sessions to not recuse hims… https://t.co/Pw5MfwzKe6
274,0.0,Sat Jan 06 19:32:56 +0000 2018,1.0,0.0,0.0,4,@CNN,"""Fashion Police"" Executive Producer Melissa Rivers, Joan Rivers' daughter, says Seth Meyers must tackle sexual hara… https://t.co/oiSK9C8I0e"
275,0.4019,Sat Jan 06 19:17:32 +0000 2018,0.847,0.0,0.153,4,@CNN,President Trump appears to say he's willing to meet with special counsel Robert Mueller's team… https://t.co/XxpOgNcR8N
276,-0.34,Sat Jan 06 19:08:51 +0000 2018,0.882,0.118,0.0,4,@CNN,Part of the Nashville skyline disappears as the former Centennial Tower and LifeWay building falls in a scheduled i… https://t.co/1aRnwc8kCo
277,-0.8481,Sat Jan 06 18:45:05 +0000 2018,0.649,0.351,0.0,4,@CNN,"Former White House chief strategist Steve Bannon was going to attack ""Fire and Fury"" author Michael Wolff over quot… https://t.co/JRN46fqR6f"
278,-0.6908,Sat Jan 06 18:32:14 +0000 2018,0.701,0.299,0.0,4,@CNN,Attorney General Jeff Sessions is a buzz kill for pot stocks https://t.co/UkPigOlfty https://t.co/ItauULLrBm
279,0.0,Sat Jan 06 18:15:12 +0000 2018,1.0,0.0,0.0,4,@CNN,President Trump says he still stands with Attorney General Jeff Sessions. His response comes after a report that sp… https://t.co/20YhGpjJkg
280,0.0,Sat Jan 06 18:00:03 +0000 2018,1.0,0.0,0.0,4,@CNN,Hotel staff interacted with the Las Vegas shooter more than 10 times before the Oct. 1 massacre that claimed nearly… https://t.co/aYrYhjbQHa
281,-0.7269,Sat Jan 06 17:55:39 +0000 2018,0.711,0.289,0.0,4,@CNN,"Democratic mega-donor and billionaire environmentalist Tom Steyer has purchased a copy of ""Fire and Fury"" for every… https://t.co/tTG8qjeKMa"
282,-0.3338,Sat Jan 06 17:34:39 +0000 2018,0.703,0.179,0.119,4,@CNN,"President Trump speaks about special counsel Robert Mueller's Russia investigation: ""It's very, very bad for our co… https://t.co/log6TgiRLo"
283,0.0,Sat Jan 06 17:33:23 +0000 2018,1.0,0.0,0.0,4,@CNN,Trump responds to Michael Wolff's book about his campaign and the early days of his presidency: “I consider it a wo… https://t.co/vMrj0GoK2J
284,0.0,Sat Jan 06 17:31:03 +0000 2018,1.0,0.0,0.0,4,@CNN,"""Everything that I've done is 100 percent proper. That's what I do, is I do things proper.” - Trump on whether he d… https://t.co/2NFf4izdEI"
285,-0.296,Sat Jan 06 17:30:15 +0000 2018,0.879,0.121,0.0,4,@CNN,"Attorney General Jeff Sessions was right to tell President Trump no, writes Alice Stewart for @CNNOpinion… https://t.co/f1PkPEuH90"
286,0.0,Sat Jan 06 17:22:55 +0000 2018,1.0,0.0,0.0,4,@CNN,"Vice President Mike Pence says this year's agenda includes “immigration reform and enforcement, the construction of… https://t.co/2rV5miuJMv"
287,0.4391,Sat Jan 06 17:17:21 +0000 2018,0.888,0.0,0.112,4,@CNN,Rep. Paul Ryan: “We have a very bold agenda for 2018. We think this agenda is one that will appeal to everyone in b… https://t.co/jgw3Rb5DH3
288,0.1027,Sat Jan 06 17:15:13 +0000 2018,0.92,0.0,0.08,4,@CNN,"They've lived here legally for years. Now the US could send these 250,000 immigrants away. https://t.co/CtqAImWbjJ https://t.co/FRV8YjQLVw"
289,0.0,Sat Jan 06 17:13:49 +0000 2018,1.0,0.0,0.0,4,@CNN,"“From a right of center point of view, 2017 was the most consequential year in the many years I’ve been here in Con… https://t.co/fPYWDL0Wae"
290,-0.4927,Sat Jan 06 17:09:39 +0000 2018,0.856,0.144,0.0,4,@CNN,"President Trump says countries that are ""very harsh"" on drugs have ""much less difficulty,"" adding, “I think we’re g… https://t.co/OEWw0pAixG"
291,0.296,Sat Jan 06 17:00:07 +0000 2018,0.901,0.0,0.099,4,@CNN,Black dresses will rule the red carpet at the Golden Globes in a show of solidarity for the mission of anti-sexual… https://t.co/WZe91OOlg6
292,0.3597,Sat Jan 06 16:45:06 +0000 2018,0.849,0.0,0.151,4,@CNN,"President Trump's ""very stable genius"" tweet shows he isn't https://t.co/etBYcegRXw | Analysis by Chris Cillizza https://t.co/la4tCib8Fg"
293,-0.34,Sat Jan 06 16:30:17 +0000 2018,0.862,0.138,0.0,4,@CNN,Arson is being investigated in a fire at the Alabama home of a Roy Moore accuser https://t.co/hhzQD59Usp https://t.co/MXHbgEZDx3
294,-0.296,Sat Jan 06 16:15:12 +0000 2018,0.896,0.104,0.0,4,@CNN,More White House officials were involved in an effort to pressure Attorney General Jeff Sessions to not recuse hims… https://t.co/jf7uCp0pMM
295,-0.4019,Sat Jan 06 16:00:08 +0000 2018,0.709,0.291,0.0,4,@CNN,"Planes collide on Toronto airport tarmac, fire prompts evacuation https://t.co/CCMeAVkzAr https://t.co/8v7j0kD1Lu"
296,0.0,Sat Jan 06 15:45:05 +0000 2018,1.0,0.0,0.0,4,@CNN,This is who is buying Powerball and Mega Millions tickets https://t.co/zE2LuYniW9 https://t.co/iazzjbYtBJ
297,-0.6124,Sat Jan 06 15:30:40 +0000 2018,0.714,0.286,0.0,4,@CNN,"The East and the Midwest will have a ""brutally cold"" weekend https://t.co/gxeMS2mQAI"
298,0.5719,Sat Jan 06 15:19:55 +0000 2018,0.73,0.0,0.27,4,@CNN,Let's rethink how we determine Olympic success https://t.co/uXabSHJ1v5 (via @CNNOpinion) https://t.co/f0XNqW3dCA
299,-0.296,Sat Jan 06 15:10:16 +0000 2018,0.891,0.109,0.0,4,@CNN,Pat Benatar answered sexism with sold-out arenas. The rock icon explains how she battled for equality standing cent… https://t.co/IkxFVwYmhO
300,0.7096,Sun Jan 07 19:07:05 +0000 2018,0.742,0.0,0.258,5,@Foxnews,"TONIGHT: @WilliamJBennett hosts ""The Wise Guys,"" a powerful discussion on America's future - Tune in at 8p &amp; 11p ET… https://t.co/yVdIXT8ANC"
301,0.0,Sun Jan 07 19:05:47 +0000 2018,1.0,0.0,0.0,5,@Foxnews,".@Jehmu: ""@KeithEllison needs to retract and delete his [Antifa] tweet. Think about it: It was as if the Deputy Cha… https://t.co/L5AJzQkmTm"
302,0.2263,Sun Jan 07 19:05:11 +0000 2018,0.84,0.0,0.16,5,@Foxnews,Washington State to Allow 'Gender X' Designation on Birth Certificates https://t.co/2XZ42gwhNi
303,-0.4215,Sun Jan 07 18:59:11 +0000 2018,0.797,0.203,0.0,5,@Foxnews,.@AlanDersh Blasts Fellow Dems Over Claims Trump Is Mentally Ill https://t.co/HWAh4YqYLb https://t.co/BnZeygtVzw
304,0.0,Sun Jan 07 18:56:51 +0000 2018,1.0,0.0,0.0,5,@Foxnews,RT @EricShawnTV: I anchor @FoxNews at 4 and 6 pm ET: Should @POTUS @realDonaldTrump talk with #KimJongUn? And what should he say? Here's @A…
305,-0.3102,Sun Jan 07 18:55:25 +0000 2018,0.692,0.183,0.125,5,@Foxnews,"OPINION: Silicon Valley's drug-fueled, secret sex parties -- One more reason to hate the hookup culture
https://t.co/T9t5WEz8rX"
306,-0.6705,Sun Jan 07 18:55:04 +0000 2018,0.743,0.257,0.0,5,@Foxnews,".@MissDiagnosis: ""Morally, [Noor Salman's] as implicated in the killings as her husband."" https://t.co/oNGJxeEPei https://t.co/tys12OyRJR"
307,-0.4215,Sun Jan 07 18:52:26 +0000 2018,0.781,0.219,0.0,5,@Foxnews,".@AlanDersh Blasts Fellow Dems Over Claims Trump Is Mentally Ill
https://t.co/0GxoFHyjDt"
308,0.291,Sun Jan 07 18:50:02 +0000 2018,0.713,0.097,0.19,5,@Foxnews,".@MartinOMalley: ""The people of Texas certainly don't want a wall."" https://t.co/A7BFQimIZk https://t.co/aygdK0oRAt"
309,0.0,Sun Jan 07 18:40:26 +0000 2018,1.0,0.0,0.0,5,@Foxnews,"This morning on ""Fox &amp; Friends,"" hosts @PeteHegseth, @LisaMarieBoothe, and @GriffJenkins pointed out the big change… https://t.co/5DMg71V5Pw"
310,-0.5859,Sun Jan 07 18:40:00 +0000 2018,0.677,0.26,0.062,5,@Foxnews,"Boston firefighters battle fire, ice during blaze as deep freeze set to end (via @travfed)  https://t.co/b2rD9D992B"
311,0.0,Sun Jan 07 18:38:37 +0000 2018,1.0,0.0,0.0,5,@Foxnews,"Patriots' Brady, Kraft, Belichick dismiss ESPN speculation on team's breakup https://t.co/jlcF3xtKmk"
312,-0.1027,Sun Jan 07 18:25:00 +0000 2018,0.585,0.218,0.197,5,@Foxnews,Christians in Egypt celebrate Christmas after year marred by violence - via @christocarbone https://t.co/oJQHLoEIoK
313,0.0,Sun Jan 07 18:23:33 +0000 2018,1.0,0.0,0.0,5,@Foxnews,.@TheJusticeDept investigates @ClintonFdn; @danielhalper discusses. https://t.co/RhNNqFhQWo
314,-0.6808,Sun Jan 07 18:23:17 +0000 2018,0.641,0.359,0.0,5,@Foxnews,"Female coach of boys team faces felony sex charges, report says https://t.co/baedIHa6B6"
315,0.4019,Sun Jan 07 18:13:41 +0000 2018,0.886,0.0,0.114,5,@Foxnews,".@ScottBaio: ""I'm going to help the media right now... President Trump is from Queens. This is what we do. We mess… https://t.co/EvGcpW3324"
316,0.0,Sun Jan 07 18:06:18 +0000 2018,1.0,0.0,0.0,5,@Foxnews,San Francisco begins selling recreational marijuana for the first time https://t.co/ewdW9cdwUC
317,0.3182,Sun Jan 07 17:53:21 +0000 2018,0.881,0.0,0.119,5,@Foxnews,BREAKING NEWS: Steve Bannon apologized for unflattering comments attributed to him in the recently released Trump W… https://t.co/SKZmCRBrFb
318,0.0,Sun Jan 07 17:49:04 +0000 2018,1.0,0.0,0.0,5,@Foxnews,French President @EmmanuelMacron and Paris mayor @Anne_Hidalgo observe a minute of silence outside of the former of… https://t.co/6FSRymWPvE
319,-0.296,Sun Jan 07 17:46:58 +0000 2018,0.864,0.136,0.0,5,@Foxnews,"Married police chief, 40, accused of seeking sex from agent posing as girl, 14 https://t.co/LVDk1GvTi8"
320,0.2263,Sun Jan 07 17:46:41 +0000 2018,0.917,0.0,0.083,5,@Foxnews,"RT @FoxBusiness: Founders Fund, the venture-capital firm co-founded by Peter Thiel, has bought large sums of bitcoin that are now worth hun…"
321,0.0,Sun Jan 07 17:46:37 +0000 2018,1.0,0.0,0.0,5,@Foxnews,RT @FoxBusiness: The week ahead: https://t.co/DYHk9y51az
322,0.0,Sun Jan 07 17:46:33 +0000 2018,1.0,0.0,0.0,5,@Foxnews,"RT @FoxBusiness: Pershing Square, Valeant to appear in court on insider trading suit settlement https://t.co/zUtaIk2THF"
323,0.0,Sun Jan 07 17:46:31 +0000 2018,1.0,0.0,0.0,5,@Foxnews,"RT @FoxBusiness: .@newtgingrich on @HillaryClinton email probe: ""I think the news media has begun to realize that this is a gigantic story.…"
324,-0.1779,Sun Jan 07 17:43:11 +0000 2018,0.841,0.159,0.0,5,@Foxnews,White House blasts Michael Wolff book as 'tabloid gossip' https://t.co/rnckdkU17r
325,-0.1531,Sun Jan 07 17:41:34 +0000 2018,0.781,0.125,0.094,5,@Foxnews,".@GovMikeHuckabee: ""Nothing undermines a basic form of government more than people who have been entrusted with a s… https://t.co/Xj7LuRz011"
326,-0.4588,Sun Jan 07 17:37:25 +0000 2018,0.769,0.231,0.0,5,@Foxnews,Volunteer attacked with machete while delivering meals to the homeless https://t.co/cqVRT725JZ
327,-0.2075,Sun Jan 07 17:30:06 +0000 2018,0.917,0.083,0.0,5,@Foxnews,".@dbongino: ""Let me show you in about a minute or less what a hoax this whole thing is, this Russian collusion nons… https://t.co/lkbuE2OHH5"
328,0.3612,Sun Jan 07 17:28:33 +0000 2018,0.737,0.0,0.263,5,@Foxnews,Do you agree with Gov. @MartinOMalley? https://t.co/A7BFQimIZk https://t.co/Cc2YUeDFh7
329,0.0258,Sun Jan 07 17:21:46 +0000 2018,0.942,0.0,0.058,5,@Foxnews,".@BillClinton in 1996: ""We are increasing border controls by 50%. We are increasing inspections to prevent the hiri… https://t.co/w8Gpz8DJsD"
330,0.4404,Sun Jan 07 17:09:24 +0000 2018,0.847,0.0,0.153,5,@Foxnews,".@charliekirk11: ""You look at what the president has accomplished over the last year, it's absolutely unprecedented… https://t.co/W5gIWj1NWg"
331,0.0,Sun Jan 07 17:05:25 +0000 2018,1.0,0.0,0.0,5,@Foxnews,$570M Powerball ticket sold in New Hampshire https://t.co/fMVNrUtYXS
332,0.0,Sun Jan 07 16:58:02 +0000 2018,1.0,0.0,0.0,5,@Foxnews,".@Scaramucci: ""In a month or two, this book will be over, but [@realDonaldTrump's] presidency will not be.""… https://t.co/WreOWRyKBd"
333,0.5106,Sun Jan 07 16:56:33 +0000 2018,0.845,0.0,0.155,5,@Foxnews,RT @EricShawnTV: I anchor at 12 Noon ET @FoxNews: How does @POTUS @realDonaldTrump encourage #Iranprotests for an #IranUprising? Calls for…
334,0.0,Sun Jan 07 16:54:06 +0000 2018,1.0,0.0,0.0,5,@Foxnews,"TONIGHT on @NextRevFNC, @SteveHiltonx talks to @TomiLahren - Tune in at 9p ET on Fox News Channel! https://t.co/DiWkzhw25U"
335,0.0,Sun Jan 07 16:52:26 +0000 2018,1.0,0.0,0.0,5,@Foxnews,UCF capping 'championship' season with Disney World parade Sunday https://t.co/YOfPzJAUBP
336,-0.7964,Sun Jan 07 16:50:23 +0000 2018,0.608,0.392,0.0,5,@Foxnews,Backyard skeleton leads to arrest of California man in murder of housemate https://t.co/xzQ5AS9Atv
337,0.0,Sun Jan 07 16:40:13 +0000 2018,1.0,0.0,0.0,5,@Foxnews,".@Scaramucci: ""In a month or two, this book will be over, but [@realDonaldTrump's] presidency will not be.""… https://t.co/rfss34LCDM"
338,0.0,Sun Jan 07 16:39:28 +0000 2018,1.0,0.0,0.0,5,@Foxnews,".@Scaramucci: ""There is a level of genius to [@POTUS's] personality, as it relates to his marketing, his political… https://t.co/sRtEfuUpR0"
339,0.34,Sun Jan 07 16:38:00 +0000 2018,0.876,0.0,0.124,5,@Foxnews,".@Scaramucci: ""If you look at the economic dashboard, the national security dashboard, the things that [@POTUS's] d… https://t.co/aY21IcDXAA"
340,0.0,Sun Jan 07 16:36:35 +0000 2018,1.0,0.0,0.0,5,@Foxnews,".@Scaramucci: ""[Michael Wolff] is a complete liar."" #MediaBuzz https://t.co/7qKm80xajO"
341,-0.128,Sun Jan 07 16:35:57 +0000 2018,0.923,0.077,0.0,5,@Foxnews,".@Scaramucci on @BreitbartNews: ""If [Steve Bannon] continues to break this hard from the president then I'd be shoc… https://t.co/jeqSgngXYw"
342,0.0516,Sun Jan 07 16:34:10 +0000 2018,0.93,0.0,0.07,5,@Foxnews,".@Scaramucci: ""[Steve Bannon] needs to cross into the goal-line of an apology and actually apologize."" #MediaBuzz https://t.co/BolLAzWnTi"
343,0.4939,Sun Jan 07 16:30:58 +0000 2018,0.856,0.0,0.144,5,@Foxnews,".@LawrenceBJones3: ""I don't even believe we should be talking about this DACA issue until we take care of American… https://t.co/o40xPESsV5"
344,-0.0258,Sun Jan 07 16:26:47 +0000 2018,0.879,0.121,0.0,5,@Foxnews,Man sentenced after marrying woman and her daughter https://t.co/ZVtKaY1Aza
345,-0.1027,Sun Jan 07 16:26:34 +0000 2018,0.877,0.123,0.0,5,@Foxnews,Rumored Harvey Weinstein sighting in Los Angeles freaks out celebrities https://t.co/slwIMMJL1f
346,-0.7096,Sun Jan 07 16:23:00 +0000 2018,0.699,0.301,0.0,5,@Foxnews,".@JuddApatow: ""Fill the offices of our legislators and call non stop today demanding this mentally ill president be… https://t.co/CQ7wSohaKz"
347,0.291,Sun Jan 07 16:15:01 +0000 2018,0.713,0.097,0.19,5,@Foxnews,".@MartinOMalley: ""The people of Texas certainly don't want a wall."" https://t.co/A7BFQiEjQS https://t.co/kP6Drk1rvo"
348,-0.34,Sun Jan 07 16:14:02 +0000 2018,0.844,0.156,0.0,5,@Foxnews,"CIA boss Pompeo vehemently defends Trump against 'Fire and Fury,' calls book 'absurd' https://t.co/7Htbpakpt7"
349,0.5423,Sun Jan 07 16:05:05 +0000 2018,0.8,0.0,0.2,5,@Foxnews,".@GOPLeader: ""Now more than a million Americans got a bonus because of those tax cuts."" #SundayFutures… https://t.co/TIoCiRURbf"
350,-0.2263,Sun Jan 07 16:01:29 +0000 2018,0.853,0.147,0.0,5,@Foxnews,RT @FoxBusiness: U.S. blocks MoneyGram sale to China's Ant Financial https://t.co/8aZvMFoxIB https://t.co/bYgo42oGEl
351,0.0,Sun Jan 07 16:00:05 +0000 2018,1.0,0.0,0.0,5,@Foxnews,".@JudgeJeanine: ""And for all those naysayers who say this is nothing more than a deflection from the Mueller invest… https://t.co/q7h3qXHbcO"
352,0.4767,Sun Jan 07 15:59:05 +0000 2018,0.838,0.0,0.162,5,@Foxnews,".@marykissel: ""I am proud to be an American under an administration that speaks this way."" #SundayFutures… https://t.co/OTpdZkS2zl"
353,0.128,Sun Jan 07 15:57:26 +0000 2018,0.903,0.0,0.097,5,@Foxnews,".@gen_jackkeane: ""North Korea's feeling maximum pressure... Economic sanctions are finally starting to take hold.""… https://t.co/0xxmamYua2"
354,-0.1779,Sun Jan 07 15:51:26 +0000 2018,0.616,0.185,0.199,5,@Foxnews,".@ThomTillis: ""There's a compelling humanitarian reason for securing the border: Thousands of people die trying to… https://t.co/3AAdcTMekQ"
355,0.0,Sun Jan 07 15:49:03 +0000 2018,1.0,0.0,0.0,5,@Foxnews,".@TGowdySC: ""Almost 60 Democrats voted to move forward with impeachment already - before Bob Mueller's released a s… https://t.co/gLeyZzRmNE"
356,0.0,Sun Jan 07 15:47:30 +0000 2018,1.0,0.0,0.0,5,@Foxnews,".@marykissel: ""We're talking about [""Fire and Fury""] because @POTUS keeps talking about it."" #SundayFutures… https://t.co/oIMpKkfqtx"
357,-0.3818,Sun Jan 07 15:42:07 +0000 2018,0.867,0.133,0.0,5,@Foxnews,".@TGowdySC: ""This time last year, Democrats wanted James Comey prosecuted. Remember that? Harry Reid wanted him pro… https://t.co/mHYxcWokBh"
358,-0.6124,Sun Jan 07 15:37:05 +0000 2018,0.773,0.227,0.0,5,@Foxnews,".@GOPLeader: ""We've got unemployment at a 17-year low. The last time the @buffalobills were in the playoffs was 17… https://t.co/6ZRwhmJ8nA"
359,0.5423,Sun Jan 07 15:35:49 +0000 2018,0.8,0.0,0.2,5,@Foxnews,".@GOPLeader: ""Now more than a million Americans got a bonus because of those tax cuts."" #SundayFutures… https://t.co/aERW9Abja1"
360,-0.1779,Sun Jan 07 15:32:39 +0000 2018,0.616,0.185,0.199,5,@Foxnews,".@ThomTillis: ""There's a compelling humanitarian reason for securing the border: Thousands of people die trying to… https://t.co/G2W1pbDiun"
361,0.6908,Sun Jan 07 15:29:56 +0000 2018,0.749,0.0,0.251,5,@Foxnews,".@ThomTillis: ""When Senator Obama and Senator Clinton were in the Senate, they voted for strong border security mea… https://t.co/D0aY1gyzg0"
362,0.0,Sun Jan 07 15:27:19 +0000 2018,1.0,0.0,0.0,5,@Foxnews,".@ThomTillis: ""I think we can get a deal with Democrats and Republicans who are willing to recognize that we need t… https://t.co/bBePbpZHBg"
363,0.0,Sun Jan 07 15:20:51 +0000 2018,1.0,0.0,0.0,5,@Foxnews,".@gen_jackkeane: ""Kim Jong Un changed his grandfather and his father's policy from holding South Korea liable with… https://t.co/SDBU77g7gt"
364,0.128,Sun Jan 07 15:19:04 +0000 2018,0.903,0.0,0.097,5,@Foxnews,".@gen_jackkeane: ""North Korea's feeling maximum pressure... Economic sanctions are finally starting to take hold.""… https://t.co/IFlNXKycIR"
365,0.0,Sun Jan 07 15:15:34 +0000 2018,1.0,0.0,0.0,5,@Foxnews,".@TGowdySC: ""I can't think of anything [Jeff Sessions] has done since he's been Attorney General that warrants his… https://t.co/AEoebfdPtY"
366,0.0,Sun Jan 07 15:14:22 +0000 2018,1.0,0.0,0.0,5,@Foxnews,".@TGowdySC: ""Almost 60 Democrats voted to move forward with impeachment already - before Bob Mueller's released a s… https://t.co/W8ZVkflk9F"
367,0.0,Sun Jan 07 15:10:47 +0000 2018,1.0,0.0,0.0,5,@Foxnews,".@TGowdySC: ""We need to talk to everyone who was involved in the drafting of this exoneration memo in May of 2016.""… https://t.co/v3RdAN4NXJ"
368,-0.3818,Sun Jan 07 15:08:30 +0000 2018,0.867,0.133,0.0,5,@Foxnews,".@TGowdySC: ""This time last year, Democrats wanted James Comey prosecuted. Remember that? Harry Reid wanted him pro… https://t.co/TiTRlyxmLP"
369,-0.1027,Sun Jan 07 15:07:41 +0000 2018,0.928,0.072,0.0,5,@Foxnews,".@TGowdySC: ""I have been frankly stunned at how little curiosity my Democrat colleagues and how little curiosity so… https://t.co/NmyUMo89bI"
370,0.7096,Sun Jan 07 15:07:01 +0000 2018,0.742,0.0,0.258,5,@Foxnews,"TONIGHT: @WilliamJBennett hosts ""The Wise Guys,"" a powerful discussion on America's future - Tune in at 8p &amp; 11p ET… https://t.co/uaKJkz5o5P"
371,0.0,Sun Jan 07 15:04:40 +0000 2018,1.0,0.0,0.0,5,@Foxnews,".@TGowdySC: ""It's not illegitimate for Congress to ask the FBI and the DOJ, 'What did you do? Why did you do it?'""… https://t.co/IpTb3NXGHi"
372,-0.4927,Sun Jan 07 15:00:02 +0000 2018,0.758,0.242,0.0,5,@Foxnews,"Moments ago @realDonaldTrump slammed @MichaelWolffNYC, calling him a ""totally discredited author."" https://t.co/IyrbjckvIa"
373,-0.1695,Sun Jan 07 14:58:35 +0000 2018,0.911,0.089,0.0,5,@Foxnews,".@MariaBartiromo: ""I would not be surprised to see many, many more records hit in this upcoming year."" https://t.co/te1gcCzACL"
374,0.4939,Sun Jan 07 14:55:56 +0000 2018,0.862,0.0,0.138,5,@Foxnews,"RT @FoxBusiness: .@KellyannePolls: ""I feel confident anytime Donald Trump is at the negotiating table because he is a deal maker... He's of…"
375,0.0,Sun Jan 07 14:50:32 +0000 2018,1.0,0.0,0.0,5,@Foxnews,"On @foxandfriends, legendary college coach Dr. Lou Holtz gave his take on the @NFL's declining ratings.… https://t.co/5g0lGMC0HU"
376,0.5994,Sun Jan 07 14:50:20 +0000 2018,0.786,0.0,0.214,5,@Foxnews,RT @FoxNewsSunday: .@CLewandowski_on @SteveKBannon's place in the Republican party: If Steve wants to join with the Trump team...he'll be w…
377,0.0,Sun Jan 07 14:49:00 +0000 2018,1.0,0.0,0.0,5,@Foxnews,RT @FoxNewsSunday: .@CLewandowski_on Wolff statements in book attributed to Bannon: If that's what Steve said he owes the whole Trump famil…
378,0.2732,Sun Jan 07 14:48:59 +0000 2018,0.89,0.0,0.11,5,@Foxnews,"RT @FoxNewsSunday: .@CLewandowski_on @realDonaldTrump's fitness to be president: I spent 18 hours a day with candidate Trump, I can tell yo…"
379,-0.6124,Sun Jan 07 14:48:57 +0000 2018,0.675,0.242,0.083,5,@Foxnews,"RT @FoxNewsSunday: CIA Director Mike Pompeo addresses questions raised by ""Fire and Fury"" on Trump's fitness to be President:... https://t.…"
380,0.0,Sun Jan 07 14:48:54 +0000 2018,1.0,0.0,0.0,5,@Foxnews,"RT @FoxNewsSunday: .@CLewandowski_on if he called Jared Kushner ""the Butler"": I've never done that, that's such conjecture."
381,0.4522,Sun Jan 07 14:48:52 +0000 2018,0.852,0.0,0.148,5,@Foxnews,RT @FoxNewsSunday: .@CLewandowski_on Don Jr. and Jared Kushner: They’re American patriots…they’ve done so much to help the country.
382,0.5574,Sun Jan 07 14:48:50 +0000 2018,0.841,0.0,0.159,5,@Foxnews,RT @FoxNewsSunday: .@CLewandowski_on his relationship with Trump sons and Kushner: I think Eric and Don are fantastic advocates for their f…
383,0.2263,Sun Jan 07 14:41:44 +0000 2018,0.723,0.119,0.157,5,@Foxnews,"RT @FoxNewsSunday: .@CLewandowski_on @POTUS’ temper: He expects, demands and deserves the best…when staff wasn’t perfect, he held us accoun…"
384,0.2263,Sun Jan 07 14:38:05 +0000 2018,0.808,0.0,0.192,5,@Foxnews,Washington State to allow 'X' as gender option. https://t.co/XE4UKL3M7v
385,0.0,Sun Jan 07 14:38:01 +0000 2018,1.0,0.0,0.0,5,@Foxnews,RT @FoxNewsSunday: .@CLewandowski_on accuracy of “Fire and Fury”: @MichaelWolffNYC and I never spoke about this book...it is completely mad…
386,0.0,Sun Jan 07 14:35:19 +0000 2018,1.0,0.0,0.0,5,@Foxnews,"RT @FoxNewsSunday: .@CLewandowski_on “Fire and Fury”: This is a book of fiction…so many misrepresentations, it should not be taken seriousl…"
387,-0.296,Sun Jan 07 14:30:18 +0000 2018,0.879,0.121,0.0,5,@Foxnews,".@POTUS: ""There's been no collusion between us and the Russians. Now there has been collusion between… https://t.co/sNXDk44NXi"
388,0.0772,Sun Jan 07 14:29:30 +0000 2018,0.944,0.0,0.056,5,@Foxnews,"RT @FoxNewsSunday: Pompeo on @POTUS’ and Kim Jung Un’s exchange of taunts: We want the regime to understand that unlike before, we're inten…"
389,-0.0772,Sun Jan 07 14:28:42 +0000 2018,0.942,0.058,0.0,5,@Foxnews,RT @FoxNewsSunday: Pompeo on #NoKo: North Koreans are behaving out of fear...they know for the first time U.S. is serious about demilitariz…
390,0.4391,Sun Jan 07 14:27:10 +0000 2018,0.888,0.0,0.112,5,@Foxnews,"RT @FoxNewsSunday: Pompeo on talks between North and South Korea ahead of the Winter Olympics:
@POTUS has made very clear we’re going to ac…"
391,0.34,Sun Jan 07 14:27:08 +0000 2018,0.73,0.091,0.179,5,@Foxnews,"RT @FoxNewsSunday: Pompeo on if Congress can save Iran Nuke Deal: They could take some of the weaknesses, extend deadlines, there are thing…"
392,0.0,Sun Jan 07 14:27:05 +0000 2018,1.0,0.0,0.0,5,@Foxnews,RT @FoxNewsSunday: Mike Pompeo on deadline to re-certify Iran Deal: Ultimately @POTUS will have to make the decision of whether to remain i…
393,0.2212,Sun Jan 07 14:24:10 +0000 2018,0.81,0.077,0.113,5,@Foxnews,RT @FoxNewsSunday: Mike Pompeo on Iran protests: This issue is very real...@POTUS supports the Iranian people and wants them to have a voic…
394,-0.3252,Sun Jan 07 14:23:07 +0000 2018,0.896,0.104,0.0,5,@Foxnews,RT @FoxNewsSunday: Mike Pompeo on @POTUS' “genius” tweets: I'm not going to dignify that question with a response.  President Trump is comp…
395,0.7717,Sun Jan 07 14:21:33 +0000 2018,0.712,0.0,0.288,5,@Foxnews,RT @FoxNewsSunday: Mike Pompeo on giving @POTUS his daily intelligence briefings: This president is an avid consumer of the product that th…
396,0.3612,Sun Jan 07 14:20:11 +0000 2018,0.889,0.0,0.111,5,@Foxnews,"RT @FoxNewsSunday: Mike Pompeo, CIA Director, on statements in “Fire and Fury”: Those statements are pure fantasy…things like this book are…"
397,0.0,Sun Jan 07 14:19:38 +0000 2018,1.0,0.0,0.0,5,@Foxnews,"RT @FoxNewsSunday: Mike Pompeo, CIA Director, on “Fire and Fury”: Statements @MichaelWolffNYC made are beneath the conversation. They are t…"
398,0.2732,Sun Jan 07 14:19:35 +0000 2018,0.9,0.0,0.1,5,@Foxnews,"RT @FoxNewsSunday: CIA Director Mike Pompeo on @realDonaldTrump's fitness to be president: My personal experience, I'm with him almost ever…"
399,-0.6486,Sun Jan 07 14:14:47 +0000 2018,0.583,0.417,0.0,5,@Foxnews,One Dead After Explosion in Stockholm https://t.co/QJvhmelcMx
400,0.0,Wed May 18 14:56:03 +0000 2016,1.0,0.0,0.0,6,@newyorktimes110,General Butler has been disbanded and replaced by Nathaniel Banks
401,-0.3818,Wed May 18 14:52:36 +0000 2016,0.86,0.14,0.0,6,@newyorktimes110,General Butler is under suspicion and is said to have a hearing in December to discuss recent rumors.
402,0.0516,Wed May 18 14:50:36 +0000 2016,0.708,0.142,0.15,6,@newyorktimes110,Rumors have spread regarding Butler's fraudulent activity regarding his personal financial gain as military General of New Orleans.
403,0.0516,Wed May 18 14:48:27 +0000 2016,0.941,0.0,0.059,6,@newyorktimes110,"Immediately after sending his letter, John Monroe has retracted it, sending an apology to Butler for debasing his recent actions."
404,0.0,Wed May 18 14:46:31 +0000 2016,1.0,0.0,0.0,6,@newyorktimes110,"John T. Monroe, Mayor of New Orleans, wrote a scathing letter to General Butler regarding his order and treatment of the city."
405,0.0,Wed May 18 14:41:38 +0000 2016,1.0,0.0,0.0,6,@newyorktimes110,President Davis has been reported branding Butler and his officers as   nothing more than outlaws that would be hanged if captured.
406,0.0516,Wed May 18 14:39:35 +0000 2016,0.943,0.0,0.057,6,@newyorktimes110,"Both women, Phillips and Larue have been released early of their sentences. Phillips after only 2.5 months and Larue after 3 weeks."
407,0.5859,Wed May 18 14:34:43 +0000 2016,0.863,0.0,0.137,6,@newyorktimes110,"Up until the events with Larue, Order 28 has proven to be successful as ""soldiers had ceased to be insulted""; however, the tides are turning"
408,-0.34,Wed May 18 14:31:25 +0000 2016,0.882,0.118,0.0,6,@newyorktimes110,Near-riots have sprung throughout New Orleans proceeding the arrest of Anne Larue. General Order 28 is under mass scrutiny.
409,-0.0516,Wed May 18 14:29:13 +0000 2016,0.901,0.099,0.0,6,@newyorktimes110,"Another woman, Anne Larue, has been sentenced to Ship Island for her portrayal of confederate colors. She is sentenced to two years."
410,-0.0258,Wed May 18 14:24:50 +0000 2016,0.927,0.073,0.0,6,@newyorktimes110,"@eugeniap20 has been sentenced to two years on Ship Island, in the Gulf of Mexico."
411,-0.4003,Wed May 18 14:23:58 +0000 2016,0.676,0.21,0.114,6,@newyorktimes110,"This just in! @eugeniap20, wife of Phillip Phillips has been arrested for her outbursts of laughter regarding a fallen soldier. More to come"
412,-0.7964,Wed May 18 14:16:15 +0000 2016,0.722,0.278,0.0,6,@newyorktimes110,It is a sad day in New Orleans as a military man has fallen. The funeral procession will go through the town at 2 p.m. this afternoon.
413,-0.5859,Wed May 18 14:08:37 +0000 2016,0.863,0.137,0.0,6,@newyorktimes110,General Butler has issued General Order 28 stating that any woman who shows contempt for an officer will be regarded as a woman of the town
414,0.0,Wed May 18 13:59:56 +0000 2016,1.0,0.0,0.0,6,@newyorktimes110,"RT @MilHistNow: GEE WIZ After the fall of NewOrleans, Southern ladies used chamberpots featuring the face of General Benjamin Butler https:…"
415,-0.4298,Wed May 18 13:53:38 +0000 2016,0.808,0.192,0.0,6,@newyorktimes110,"General Butler is said to make a speech following yesterday's ""not so clean"" events."
416,-0.6636,Wed May 18 13:51:17 +0000 2016,0.768,0.232,0.0,6,@newyorktimes110,"This just in! A woman has been reported dumping a bucket of ""not so clean water"" on Flag Officer David Farragut's head."
417,0.0,Wed May 18 13:46:20 +0000 2016,1.0,0.0,0.0,6,@newyorktimes110,Women of New Orleans have repeatedly been spotted spitting on Union troops and singing Confederacy songs inspite of Butler and his men.
418,-0.6369,Wed May 18 13:45:19 +0000 2016,0.819,0.181,0.0,6,@newyorktimes110,The Women of New Orleans have taken their hatred towards the new general Butler into their own hands by retaliating.
